,0
R-HSA-1059683,0.07599784528505486
R-HSA-109581,0.4559870717103292
R-HSA-109582,0.4166666666666667
R-HSA-109606,0.37998922642527433
R-HSA-109703,0.15199569057010973
R-HSA-109704,0.2279935358551646
R-HSA-110056,0.07599784528505486
R-HSA-110312,0.07599784528505486
R-HSA-110313,0.15199569057010973
R-HSA-110314,0.07599784528505486
R-HSA-110320,0.07599784528505486
R-HSA-110328,0.07599784528505486
R-HSA-110329,0.07599784528505486
R-HSA-110330,0.07599784528505486
R-HSA-110331,0.07599784528505486
R-HSA-110357,0.07599784528505486
R-HSA-110362,0.07599784528505486
R-HSA-110373,0.15199569057010973
R-HSA-110381,0.15199569057010973
R-HSA-111367,0.07599784528505486
R-HSA-111446,0.07599784528505486
R-HSA-111447,0.07599784528505486
R-HSA-111448,0.07599784528505486
R-HSA-111452,0.07599784528505486
R-HSA-111453,0.07599784528505486
R-HSA-111457,0.07599784528505486
R-HSA-111458,0.15199569057010973
R-HSA-111459,0.07599784528505486
R-HSA-111461,0.2279935358551646
R-HSA-111463,0.07599784528505486
R-HSA-111464,0.07599784528505486
R-HSA-111465,0.15199569057010973
R-HSA-111469,0.15199569057010973
R-HSA-111471,0.30399138114021945
R-HSA-111885,0.6079827622804389
R-HSA-111931,0.15199569057010973
R-HSA-111932,0.07599784528505486
R-HSA-111933,0.2279935358551646
R-HSA-111957,0.07599784528505486
R-HSA-111995,0.07599784528505486
R-HSA-111996,0.37998922642527433
R-HSA-111997,0.28682743940929495
R-HSA-112040,0.5319849169953841
R-HSA-112043,0.4559870717103292
R-HSA-112122,0.07599784528505486
R-HSA-112126,0.07599784528505486
R-HSA-112303,0.07599784528505486
R-HSA-112307,0.15199569057010973
R-HSA-112308,0.07599784528505486
R-HSA-112310,0.2279935358551646
R-HSA-112311,0.2279935358551646
R-HSA-112313,0.15199569057010973
R-HSA-112314,0.37998922642527433
R-HSA-112315,0.4559870717103292
R-HSA-112316,0.5833333333333334
R-HSA-112382,0.07599784528505486
R-HSA-112399,0.28682743940929495
R-HSA-112409,0.15199569057010973
R-HSA-112411,0.07599784528505486
R-HSA-112412,0.07599784528505486
R-HSA-113418,0.07599784528505486
R-HSA-113501,0.07599784528505486
R-HSA-113507,0.07599784528505486
R-HSA-113510,0.15199569057010973
R-HSA-114294,0.07599784528505486
R-HSA-114452,0.15199569057010973
R-HSA-114508,0.14341371970464747
R-HSA-114516,0.07599784528505486
R-HSA-114604,0.07599784528505486
R-HSA-114608,0.07599784528505486
R-HSA-1168372,0.15199569057010973
R-HSA-1169091,0.07599784528505486
R-HSA-1169092,0.07599784528505486
R-HSA-1169408,0.07599784528505486
R-HSA-1169410,0.15199569057010973
R-HSA-1170546,0.07599784528505486
R-HSA-1181150,0.15199569057010973
R-HSA-1187000,0.15199569057010973
R-HSA-1221632,0.07599784528505486
R-HSA-1222387,0.07599784528505486
R-HSA-1222449,0.07599784528505486
R-HSA-1222499,0.15199569057010973
R-HSA-1222538,0.07599784528505486
R-HSA-1222541,0.07599784528505486
R-HSA-1222556,0.15199569057010973
R-HSA-1226099,0.30399138114021945
R-HSA-1227986,0.2279935358551646
R-HSA-1227990,0.2279935358551646
R-HSA-1234158,0.07599784528505486
R-HSA-1234174,0.15199569057010973
R-HSA-1234176,0.07599784528505486
R-HSA-1236382,0.07599784528505486
R-HSA-1236394,0.15199569057010973
R-HSA-1236973,0.07599784528505486
R-HSA-1236974,0.07599784528505486
R-HSA-1236975,0.15199569057010973
R-HSA-1236977,0.07599784528505486
R-HSA-1236978,0.07599784528505486
R-HSA-1237044,0.07599784528505486
R-HSA-1237112,0.07599784528505486
R-HSA-1247673,0.07599784528505486
R-HSA-1250196,0.07599784528505486
R-HSA-1250342,0.07599784528505486
R-HSA-1250347,0.07599784528505486
R-HSA-1251932,0.07599784528505486
R-HSA-1251985,0.07599784528505486
R-HSA-1253288,0.07599784528505486
R-HSA-1257604,0.30399138114021945
R-HSA-1266695,0.07599784528505486
R-HSA-1266738,0.5
R-HSA-1268020,0.07599784528505486
R-HSA-1280215,0.5319849169953841
R-HSA-1280218,0.30399138114021945
R-HSA-1295596,0.06630085754432509
R-HSA-1296025,0.07599784528505486
R-HSA-1296041,0.07599784528505486
R-HSA-1296052,0.07599784528505486
R-HSA-1296053,0.07599784528505486
R-HSA-1296059,0.15199569057010973
R-HSA-1296061,0.07599784528505486
R-HSA-1296065,0.2279935358551646
R-HSA-1296067,0.07599784528505486
R-HSA-1296071,0.30399138114021945
R-HSA-1296072,0.07599784528505486
R-HSA-1296346,0.15199569057010973
R-HSA-1299287,0.07599784528505486
R-HSA-1299308,0.07599784528505486
R-HSA-1299316,0.07599784528505486
R-HSA-1299344,0.07599784528505486
R-HSA-1299361,0.07599784528505486
R-HSA-1299503,0.07599784528505486
R-HSA-1300642,0.07599784528505486
R-HSA-1300645,0.07599784528505486
R-HSA-1306955,0.07599784528505486
R-HSA-1307965,0.07599784528505486
R-HSA-1358803,0.07599784528505486
R-HSA-1362277,0.07599784528505486
R-HSA-1362300,0.07599784528505486
R-HSA-1362409,0.15199569057010973
R-HSA-1368071,0.07599784528505486
R-HSA-1368082,0.07599784528505486
R-HSA-1368108,0.07599784528505486
R-HSA-1369007,0.07599784528505486
R-HSA-1369062,0.07599784528505486
R-HSA-139853,0.07599784528505486
R-HSA-139910,0.07599784528505486
R-HSA-139915,0.07599784528505486
R-HSA-140179,0.15199569057010973
R-HSA-140180,0.07599784528505486
R-HSA-140342,0.07599784528505486
R-HSA-140534,0.15199569057010973
R-HSA-140834,0.07599784528505486
R-HSA-140837,0.07599784528505486
R-HSA-140875,0.07599784528505486
R-HSA-140877,0.15199569057010973
R-HSA-141333,0.07599784528505486
R-HSA-141334,0.07599784528505486
R-HSA-141405,0.14341371970464747
R-HSA-141424,0.15199569057010973
R-HSA-141430,0.07599784528505486
R-HSA-141444,0.07599784528505486
R-HSA-1428517,0.30399138114021945
R-HSA-1430728,0.5
R-HSA-1433557,0.15199569057010973
R-HSA-1433559,0.07599784528505486
R-HSA-1433617,0.07599784528505486
R-HSA-1442490,0.07599784528505486
R-HSA-1445148,0.07599784528505486
R-HSA-1461957,0.07599784528505486
R-HSA-1461973,0.15199569057010973
R-HSA-1462054,0.07599784528505486
R-HSA-1474151,0.07599784528505486
R-HSA-1474165,0.25
R-HSA-1474228,0.15199569057010973
R-HSA-1474244,0.3333333333333333
R-HSA-1474290,0.2279935358551646
R-HSA-1475029,0.07599784528505486
R-HSA-1480926,0.15199569057010973
R-HSA-1482788,0.07599784528505486
R-HSA-1482798,0.07599784528505486
R-HSA-1482801,0.07599784528505486
R-HSA-1482839,0.07599784528505486
R-HSA-1482883,0.07599784528505486
R-HSA-1482922,0.07599784528505486
R-HSA-1482925,0.07599784528505486
R-HSA-1483076,0.07599784528505486
R-HSA-1483101,0.07599784528505486
R-HSA-1483115,0.07599784528505486
R-HSA-1483148,0.07599784528505486
R-HSA-1483152,0.07599784528505486
R-HSA-1483166,0.07599784528505486
R-HSA-1483191,0.07599784528505486
R-HSA-1483196,0.07170685985232374
R-HSA-1483206,0.15199569057010973
R-HSA-1483213,0.07599784528505486
R-HSA-1483226,0.07599784528505486
R-HSA-1483248,0.07599784528505486
R-HSA-1483249,0.15199569057010973
R-HSA-1483255,0.15199569057010973
R-HSA-1483257,0.2279935358551646
R-HSA-1489509,0.37998922642527433
R-HSA-1500620,0.14341371970464747
R-HSA-1500931,0.75
R-HSA-1502540,0.15199569057010973
R-HSA-1538133,0.15199569057010973
R-HSA-156580,0.30399138114021945
R-HSA-156581,0.07599784528505486
R-HSA-156582,0.07599784528505486
R-HSA-156584,0.15199569057010973
R-HSA-156587,0.2279935358551646
R-HSA-156588,0.15199569057010973
R-HSA-156590,0.15199569057010973
R-HSA-1566948,0.15199569057010973
R-HSA-1566977,0.07599784528505486
R-HSA-156711,0.07599784528505486
R-HSA-156827,0.07599784528505486
R-HSA-156842,0.15199569057010973
R-HSA-156902,0.07599784528505486
R-HSA-157118,0.30399138114021945
R-HSA-157579,0.37998922642527433
R-HSA-157858,0.37998922642527433
R-HSA-15869,0.30399138114021945
R-HSA-1592230,0.15199569057010973
R-HSA-159227,0.07599784528505486
R-HSA-159230,0.07599784528505486
R-HSA-159231,0.07599784528505486
R-HSA-159234,0.15199569057010973
R-HSA-159236,0.07599784528505486
R-HSA-1592389,0.07599784528505486
R-HSA-159418,0.07599784528505486
R-HSA-159424,0.15199569057010973
R-HSA-159740,0.07599784528505486
R-HSA-159763,0.07599784528505486
R-HSA-159782,0.07599784528505486
R-HSA-159854,0.15199569057010973
R-HSA-1606322,0.15199569057010973
R-HSA-1606341,0.07599784528505486
R-HSA-1614517,0.07599784528505486
R-HSA-1614558,0.15199569057010973
R-HSA-1614603,0.07599784528505486
R-HSA-1614635,0.2279935358551646
R-HSA-162582,1.0
R-HSA-162585,0.07599784528505486
R-HSA-162587,0.4559870717103292
R-HSA-162588,0.07599784528505486
R-HSA-162589,0.15199569057010973
R-HSA-162592,0.15199569057010973
R-HSA-162594,0.2279935358551646
R-HSA-162599,0.37998922642527433
R-HSA-162658,0.07599784528505486
R-HSA-162699,0.07170685985232374
R-HSA-162710,0.07599784528505486
R-HSA-162791,0.07599784528505486
R-HSA-162906,0.5319849169953841
R-HSA-162909,0.30399138114021945
R-HSA-1630316,0.2279935358551646
R-HSA-163125,0.15199569057010973
R-HSA-163200,0.2279935358551646
R-HSA-163210,0.07599784528505486
R-HSA-163282,0.07599784528505486
R-HSA-1632852,0.30399138114021945
R-HSA-163316,0.07599784528505486
R-HSA-163358,0.07599784528505486
R-HSA-163359,0.15199569057010973
R-HSA-163560,0.07599784528505486
R-HSA-163615,0.07599784528505486
R-HSA-163680,0.07599784528505486
R-HSA-163685,0.30399138114021945
R-HSA-163754,0.07599784528505486
R-HSA-163765,0.07599784528505486
R-HSA-163767,0.07599784528505486
R-HSA-1638074,0.15199569057010973
R-HSA-1638091,0.15199569057010973
R-HSA-163841,0.2279935358551646
R-HSA-1640170,0.6666666666666666
R-HSA-1643685,0.8333333333333334
R-HSA-1643713,0.2279935358551646
R-HSA-164378,0.07599784528505486
R-HSA-164516,0.07599784528505486
R-HSA-164525,0.07599784528505486
R-HSA-164843,0.07599784528505486
R-HSA-164938,0.15199569057010973
R-HSA-164939,0.07599784528505486
R-HSA-164940,0.07599784528505486
R-HSA-164944,0.07599784528505486
R-HSA-164952,0.2279935358551646
R-HSA-165054,0.07170685985232374
R-HSA-1650814,0.15199569057010973
R-HSA-165158,0.07599784528505486
R-HSA-165159,0.15199569057010973
R-HSA-165160,0.07599784528505486
R-HSA-165181,0.07599784528505486
R-HSA-1655829,0.15199569057010973
R-HSA-166016,0.5319849169953841
R-HSA-166020,0.07599784528505486
R-HSA-1660499,0.07599784528505486
R-HSA-1660514,0.07599784528505486
R-HSA-1660516,0.07599784528505486
R-HSA-1660517,0.07599784528505486
R-HSA-166058,0.34331178618388203
R-HSA-1660661,0.07599784528505486
R-HSA-1660662,0.07599784528505486
R-HSA-166166,0.4559870717103292
R-HSA-166187,0.15199569057010973
R-HSA-166208,0.07599784528505486
R-HSA-1663150,0.07599784528505486
R-HSA-166520,0.37998922642527433
R-HSA-166658,0.37998922642527433
R-HSA-166662,0.15199569057010973
R-HSA-166663,0.30399138114021945
R-HSA-166665,0.07599784528505486
R-HSA-166786,0.2279935358551646
R-HSA-167021,0.07599784528505486
R-HSA-167044,0.15199569057010973
R-HSA-167060,0.07599784528505486
R-HSA-167152,0.07599784528505486
R-HSA-167158,0.07599784528505486
R-HSA-167160,0.07599784528505486
R-HSA-167161,0.07599784528505486
R-HSA-167162,0.07599784528505486
R-HSA-167169,0.2279935358551646
R-HSA-167172,0.30399138114021945
R-HSA-167200,0.07599784528505486
R-HSA-167238,0.07599784528505486
R-HSA-167242,0.07599784528505486
R-HSA-167243,0.07599784528505486
R-HSA-167246,0.15199569057010973
R-HSA-167287,0.07599784528505486
R-HSA-167290,0.07599784528505486
R-HSA-167590,0.07599784528505486
R-HSA-167826,0.07599784528505486
R-HSA-167827,0.07599784528505486
R-HSA-1679131,0.07599784528505486
R-HSA-168138,0.5319849169953841
R-HSA-168142,0.4559870717103292
R-HSA-168164,0.37998922642527433
R-HSA-168176,0.4559870717103292
R-HSA-168179,0.4559870717103292
R-HSA-168181,0.5319849169953841
R-HSA-168188,0.4559870717103292
R-HSA-168249,0.6839806075654938
R-HSA-168255,0.30399138114021945
R-HSA-168256,0.8333333333333334
R-HSA-168268,0.2279935358551646
R-HSA-168270,0.15199569057010973
R-HSA-168271,0.07599784528505486
R-HSA-168273,0.15199569057010973
R-HSA-168274,0.15199569057010973
R-HSA-168275,0.07599784528505486
R-HSA-168276,0.2279935358551646
R-HSA-168277,0.07599784528505486
R-HSA-168288,0.07599784528505486
R-HSA-168298,0.07599784528505486
R-HSA-168302,0.07599784528505486
R-HSA-168303,0.07599784528505486
R-HSA-168305,0.15199569057010973
R-HSA-168315,0.07599784528505486
R-HSA-168316,0.15199569057010973
R-HSA-168325,0.07599784528505486
R-HSA-168330,0.07599784528505486
R-HSA-168333,0.07599784528505486
R-HSA-168336,0.07599784528505486
R-HSA-168638,0.07599784528505486
R-HSA-168643,0.2279935358551646
R-HSA-168799,0.15199569057010973
R-HSA-168874,0.07599784528505486
R-HSA-168888,0.07599784528505486
R-HSA-168898,0.6079827622804389
R-HSA-168927,0.07599784528505486
R-HSA-168928,0.15199569057010973
R-HSA-169131,0.07599784528505486
R-HSA-169893,0.15199569057010973
R-HSA-169911,0.15199569057010973
R-HSA-170145,0.07599784528505486
R-HSA-170660,0.07599784528505486
R-HSA-170670,0.07170685985232374
R-HSA-170822,0.07599784528505486
R-HSA-170834,0.2279935358551646
R-HSA-170968,0.07599784528505486
R-HSA-170984,0.07599784528505486
R-HSA-171007,0.07599784528505486
R-HSA-171286,0.07599784528505486
R-HSA-171306,0.07599784528505486
R-HSA-171319,0.07599784528505486
R-HSA-173107,0.07599784528505486
R-HSA-173599,0.07599784528505486
R-HSA-173623,0.07599784528505486
R-HSA-173736,0.07599784528505486
R-HSA-174048,0.07599784528505486
R-HSA-174084,0.07599784528505486
R-HSA-174113,0.07599784528505486
R-HSA-174143,0.37998922642527433
R-HSA-174154,0.07599784528505486
R-HSA-174178,0.07599784528505486
R-HSA-174184,0.07599784528505486
R-HSA-174362,0.07170685985232374
R-HSA-174403,0.07599784528505486
R-HSA-174411,0.07599784528505486
R-HSA-174414,0.15199569057010973
R-HSA-174417,0.2279935358551646
R-HSA-174430,0.07599784528505486
R-HSA-174437,0.07599784528505486
R-HSA-174490,0.07599784528505486
R-HSA-174495,0.15199569057010973
R-HSA-174577,0.07599784528505486
R-HSA-174824,0.2279935358551646
R-HSA-175474,0.2279935358551646
R-HSA-175567,0.07599784528505486
R-HSA-176033,0.15199569057010973
R-HSA-176034,0.07599784528505486
R-HSA-176187,0.07599784528505486
R-HSA-176407,0.07599784528505486
R-HSA-176408,0.2279935358551646
R-HSA-176409,0.2279935358551646
R-HSA-176412,0.07599784528505486
R-HSA-176417,0.07599784528505486
R-HSA-176814,0.30399138114021945
R-HSA-176974,0.07599784528505486
R-HSA-177128,0.07599784528505486
R-HSA-177135,0.07599784528505486
R-HSA-177162,0.07599784528505486
R-HSA-177243,0.15199569057010973
R-HSA-177504,0.07599784528505486
R-HSA-177539,0.07599784528505486
R-HSA-177929,0.15199569057010973
R-HSA-1793185,0.15199569057010973
R-HSA-179409,0.07599784528505486
R-HSA-179419,0.15199569057010973
R-HSA-179812,0.07599784528505486
R-HSA-1799339,0.07599784528505486
R-HSA-180024,0.07599784528505486
R-HSA-180292,0.07599784528505486
R-HSA-180336,0.07599784528505486
R-HSA-180534,0.07599784528505486
R-HSA-180585,0.07599784528505486
R-HSA-180689,0.07599784528505486
R-HSA-180746,0.07599784528505486
R-HSA-180786,0.30399138114021945
R-HSA-180897,0.07599784528505486
R-HSA-180910,0.07599784528505486
R-HSA-1810476,0.07599784528505486
R-HSA-181429,0.07599784528505486
R-HSA-181430,0.07599784528505486
R-HSA-181431,0.2279935358551646
R-HSA-181438,0.5319849169953841
R-HSA-182218,0.07599784528505486
R-HSA-182971,0.07599784528505486
R-HSA-1834941,0.15199569057010973
R-HSA-1834949,0.2279935358551646
R-HSA-1839117,0.07599784528505486
R-HSA-1839120,0.07599784528505486
R-HSA-1839122,0.07599784528505486
R-HSA-1839124,0.15199569057010973
R-HSA-1839126,0.15199569057010973
R-HSA-1839128,0.07599784528505486
R-HSA-1839130,0.07599784528505486
R-HSA-1852241,0.3333333333333333
R-HSA-1855167,0.07599784528505486
R-HSA-1855183,0.07599784528505486
R-HSA-1855191,0.07599784528505486
R-HSA-1855204,0.07599784528505486
R-HSA-1855231,0.07599784528505486
R-HSA-186712,0.2279935358551646
R-HSA-186763,0.07599784528505486
R-HSA-186797,0.15199569057010973
R-HSA-187015,0.15199569057010973
R-HSA-187024,0.07599784528505486
R-HSA-187037,0.30399138114021945
R-HSA-187042,0.07599784528505486
R-HSA-187577,0.07170685985232374
R-HSA-187687,0.2279935358551646
R-HSA-187706,0.07599784528505486
R-HSA-189085,0.07599784528505486
R-HSA-189200,0.07599784528505486
R-HSA-189445,0.15199569057010973
R-HSA-189451,0.07599784528505486
R-HSA-189483,0.07599784528505486
R-HSA-190236,0.30399138114021945
R-HSA-190239,0.15199569057010973
R-HSA-190241,0.15199569057010973
R-HSA-190242,0.15199569057010973
R-HSA-190322,0.15199569057010973
R-HSA-190370,0.07599784528505486
R-HSA-190371,0.07599784528505486
R-HSA-190372,0.07599784528505486
R-HSA-190373,0.07599784528505486
R-HSA-190374,0.07599784528505486
R-HSA-190375,0.07599784528505486
R-HSA-190377,0.07599784528505486
R-HSA-190704,0.07599784528505486
R-HSA-190827,0.07599784528505486
R-HSA-190828,0.30399138114021945
R-HSA-190840,0.07599784528505486
R-HSA-190861,0.2279935358551646
R-HSA-190872,0.15199569057010973
R-HSA-190873,0.15199569057010973
R-HSA-1912399,0.07599784528505486
R-HSA-1912408,0.07599784528505486
R-HSA-1912420,0.07599784528505486
R-HSA-1912422,0.15199569057010973
R-HSA-191273,0.15199569057010973
R-HSA-191650,0.07599784528505486
R-HSA-191859,0.07599784528505486
R-HSA-192105,0.15199569057010973
R-HSA-192456,0.07599784528505486
R-HSA-192814,0.07599784528505486
R-HSA-192823,0.07599784528505486
R-HSA-192869,0.07599784528505486
R-HSA-192905,0.07599784528505486
R-HSA-193048,0.07599784528505486
R-HSA-193144,0.07599784528505486
R-HSA-193368,0.07599784528505486
R-HSA-193634,0.07599784528505486
R-HSA-193639,0.15199569057010973
R-HSA-193648,0.07599784528505486
R-HSA-193670,0.07599784528505486
R-HSA-193681,0.07599784528505486
R-HSA-193692,0.07599784528505486
R-HSA-193697,0.15199569057010973
R-HSA-193704,0.2279935358551646
R-HSA-193775,0.07599784528505486
R-HSA-193807,0.07599784528505486
R-HSA-193993,0.07599784528505486
R-HSA-194002,0.07599784528505486
R-HSA-194068,0.2279935358551646
R-HSA-194138,0.2279935358551646
R-HSA-194306,0.07599784528505486
R-HSA-194313,0.15199569057010973
R-HSA-194315,0.30399138114021945
R-HSA-194441,0.15199569057010973
R-HSA-195253,0.15199569057010973
R-HSA-195258,0.2279935358551646
R-HSA-195399,0.07599784528505486
R-HSA-195721,0.30399138114021945
R-HSA-196025,0.07599784528505486
R-HSA-196071,0.15199569057010973
R-HSA-196108,0.07599784528505486
R-HSA-196299,0.07599784528505486
R-HSA-1963640,0.07599784528505486
R-HSA-1963642,0.07599784528505486
R-HSA-196741,0.15199569057010973
R-HSA-196757,0.07599784528505486
R-HSA-196780,0.07599784528505486
R-HSA-196783,0.07599784528505486
R-HSA-196791,0.07599784528505486
R-HSA-196807,0.15199569057010973
R-HSA-196819,0.07599784528505486
R-HSA-196836,0.07599784528505486
R-HSA-196843,0.07599784528505486
R-HSA-196849,0.2279935358551646
R-HSA-196854,0.30399138114021945
R-HSA-1971475,0.07170685985232374
R-HSA-197264,0.07599784528505486
R-HSA-1980143,0.15199569057010973
R-HSA-1980145,0.15199569057010973
R-HSA-198203,0.07599784528505486
R-HSA-198323,0.07599784528505486
R-HSA-198693,0.07599784528505486
R-HSA-198725,0.2279935358551646
R-HSA-198745,0.07599784528505486
R-HSA-198753,0.14341371970464747
R-HSA-198765,0.07599784528505486
R-HSA-198933,0.07599784528505486
R-HSA-1989781,0.07599784528505486
R-HSA-199220,0.15199569057010973
R-HSA-199418,0.15199569057010973
R-HSA-199920,0.07170685985232374
R-HSA-199977,0.14341371970464747
R-HSA-199991,0.4559870717103292
R-HSA-199992,0.15199569057010973
R-HSA-200425,0.07599784528505486
R-HSA-201451,0.07599784528505486
R-HSA-201556,0.15199569057010973
R-HSA-201681,0.2279935358551646
R-HSA-201688,0.07599784528505486
R-HSA-201722,0.15199569057010973
R-HSA-202040,0.07599784528505486
R-HSA-202131,0.15199569057010973
R-HSA-2022090,0.15199569057010973
R-HSA-2022377,0.07599784528505486
R-HSA-2022854,0.07599784528505486
R-HSA-2022857,0.07599784528505486
R-HSA-2022870,0.07599784528505486
R-HSA-2022923,0.07599784528505486
R-HSA-2022928,0.07599784528505486
R-HSA-2023837,0.07599784528505486
R-HSA-202403,0.15199569057010973
R-HSA-2024096,0.07599784528505486
R-HSA-2024101,0.07599784528505486
R-HSA-202424,0.07599784528505486
R-HSA-202427,0.07599784528505486
R-HSA-202430,0.07599784528505486
R-HSA-202433,0.07599784528505486
R-HSA-2025928,0.07599784528505486
R-HSA-202670,0.07599784528505486
R-HSA-202733,0.15199569057010973
R-HSA-2028269,0.07599784528505486
R-HSA-2029480,0.15199569057010973
R-HSA-2029481,0.07599784528505486
R-HSA-2029482,0.07599784528505486
R-HSA-2029485,0.07599784528505486
R-HSA-2032785,0.07599784528505486
R-HSA-2033514,0.15199569057010973
R-HSA-2033515,0.07599784528505486
R-HSA-2033519,0.07599784528505486
R-HSA-203615,0.07599784528505486
R-HSA-203641,0.07599784528505486
R-HSA-203754,0.07599784528505486
R-HSA-203927,0.07599784528505486
R-HSA-204005,0.07599784528505486
R-HSA-204174,0.07599784528505486
R-HSA-2046104,0.15199569057010973
R-HSA-2046105,0.07599784528505486
R-HSA-2046106,0.07599784528505486
R-HSA-204626,0.07599784528505486
R-HSA-204998,0.15199569057010973
R-HSA-205017,0.07599784528505486
R-HSA-205025,0.07599784528505486
R-HSA-205043,0.07599784528505486
R-HSA-209543,0.07599784528505486
R-HSA-209560,0.07599784528505486
R-HSA-209563,0.07599784528505486
R-HSA-209776,0.2279935358551646
R-HSA-209822,0.07599784528505486
R-HSA-209905,0.07599784528505486
R-HSA-209931,0.07599784528505486
R-HSA-209952,0.15199569057010973
R-HSA-209968,0.15199569057010973
R-HSA-210455,0.07599784528505486
R-HSA-210500,0.07599784528505486
R-HSA-210744,0.07599784528505486
R-HSA-210745,0.15199569057010973
R-HSA-210746,0.07599784528505486
R-HSA-210747,0.07599784528505486
R-HSA-210990,0.07599784528505486
R-HSA-210991,0.07599784528505486
R-HSA-210993,0.07599784528505486
R-HSA-211000,0.15199569057010973
R-HSA-211163,0.07599784528505486
R-HSA-211728,0.07599784528505486
R-HSA-211733,0.07599784528505486
R-HSA-211736,0.07599784528505486
R-HSA-211859,0.37998922642527433
R-HSA-211897,0.2279935358551646
R-HSA-211916,0.07599784528505486
R-HSA-211935,0.07599784528505486
R-HSA-211945,0.30399138114021945
R-HSA-211957,0.07599784528505486
R-HSA-211958,0.07599784528505486
R-HSA-211976,0.15199569057010973
R-HSA-211979,0.07599784528505486
R-HSA-211981,0.15199569057010973
R-HSA-211994,0.07599784528505486
R-HSA-211999,0.07599784528505486
R-HSA-212165,0.2279935358551646
R-HSA-2122947,0.07599784528505486
R-HSA-2122948,0.07599784528505486
R-HSA-212300,0.07599784528505486
R-HSA-212436,0.37998922642527433
R-HSA-212676,0.07599784528505486
R-HSA-212718,0.07599784528505486
R-HSA-2129379,0.07599784528505486
R-HSA-2132295,0.07599784528505486
R-HSA-2142670,0.07599784528505486
R-HSA-2142688,0.07599784528505486
R-HSA-2142691,0.07599784528505486
R-HSA-2142696,0.07599784528505486
R-HSA-2142700,0.07599784528505486
R-HSA-2142712,0.07599784528505486
R-HSA-2142753,0.15199569057010973
R-HSA-2142770,0.07599784528505486
R-HSA-2142789,0.07599784528505486
R-HSA-2142816,0.07599784528505486
R-HSA-2142845,0.15199569057010973
R-HSA-2142850,0.07599784528505486
R-HSA-2151201,0.07599784528505486
R-HSA-2151209,0.07599784528505486
R-HSA-2160456,0.07599784528505486
R-HSA-216083,0.07599784528505486
R-HSA-2160916,0.07599784528505486
R-HSA-2161517,0.07599784528505486
R-HSA-2161522,0.15199569057010973
R-HSA-2161541,0.07599784528505486
R-HSA-2162123,0.07599784528505486
R-HSA-2168880,0.07599784528505486
R-HSA-2172127,0.15199569057010973
R-HSA-217271,0.07599784528505486
R-HSA-2173782,0.15199569057010973
R-HSA-2173788,0.07599784528505486
R-HSA-2173789,0.15199569057010973
R-HSA-2173791,0.07599784528505486
R-HSA-2173793,0.14341371970464747
R-HSA-2173795,0.07599784528505486
R-HSA-2173796,0.07599784528505486
R-HSA-2179392,0.07599784528505486
R-HSA-2187335,0.07599784528505486
R-HSA-2187338,0.2279935358551646
R-HSA-2197563,0.07599784528505486
R-HSA-2206280,0.07599784528505486
R-HSA-2206281,0.15199569057010973
R-HSA-2206282,0.07599784528505486
R-HSA-2206285,0.07599784528505486
R-HSA-2206290,0.07599784528505486
R-HSA-2206291,0.07599784528505486
R-HSA-2206292,0.07599784528505486
R-HSA-2206296,0.07599784528505486
R-HSA-2206302,0.07599784528505486
R-HSA-2206305,0.07599784528505486
R-HSA-2206307,0.07599784528505486
R-HSA-2206308,0.07599784528505486
R-HSA-2214320,0.07599784528505486
R-HSA-2219528,0.15199569057010973
R-HSA-2219530,0.07599784528505486
R-HSA-2243919,0.07599784528505486
R-HSA-2262752,0.37998922642527433
R-HSA-2299718,0.07599784528505486
R-HSA-2393930,0.07599784528505486
R-HSA-2395516,0.07599784528505486
R-HSA-2404192,0.5319849169953841
R-HSA-2408508,0.07599784528505486
R-HSA-2408522,0.15199569057010973
R-HSA-2408550,0.07599784528505486
R-HSA-2408552,0.07599784528505486
R-HSA-2408557,0.07599784528505486
R-HSA-2424491,0.07599784528505486
R-HSA-2426168,0.07599784528505486
R-HSA-2428924,0.4559870717103292
R-HSA-2428928,0.37998922642527433
R-HSA-2428933,0.07599784528505486
R-HSA-2453864,0.15199569057010973
R-HSA-2453902,0.15199569057010973
R-HSA-2454202,0.15199569057010973
R-HSA-2465910,0.07599784528505486
R-HSA-2466712,0.07170685985232374
R-HSA-2467813,0.07599784528505486
R-HSA-2468052,0.07599784528505486
R-HSA-2470946,0.07599784528505486
R-HSA-2473224,0.07599784528505486
R-HSA-2474795,0.2279935358551646
R-HSA-2485179,0.07599784528505486
R-HSA-2500257,0.07599784528505486
R-HSA-2514853,0.07599784528505486
R-HSA-2514856,0.15199569057010973
R-HSA-2514859,0.07599784528505486
R-HSA-2534343,0.07599784528505486
R-HSA-2555396,0.30399138114021945
R-HSA-2559580,0.07599784528505486
R-HSA-2559582,0.07599784528505486
R-HSA-2559583,0.2279935358551646
R-HSA-2559584,0.07599784528505486
R-HSA-2559585,0.07599784528505486
R-HSA-2559586,0.15199569057010973
R-HSA-2562578,0.07599784528505486
R-HSA-2564830,0.07599784528505486
R-HSA-2565942,0.07599784528505486
R-HSA-2586552,0.07599784528505486
R-HSA-2644602,0.15199569057010973
R-HSA-2644603,0.2279935358551646
R-HSA-2644605,0.15199569057010973
R-HSA-2644606,0.07599784528505486
R-HSA-2644607,0.07599784528505486
R-HSA-264642,0.07599784528505486
R-HSA-264870,0.07599784528505486
R-HSA-264876,0.07599784528505486
R-HSA-2660825,0.15199569057010973
R-HSA-2660826,0.07599784528505486
R-HSA-2672351,0.15199569057010973
R-HSA-2682334,0.15199569057010973
R-HSA-2691230,0.15199569057010973
R-HSA-2691232,0.07599784528505486
R-HSA-2730905,0.07599784528505486
R-HSA-2855086,0.07599784528505486
R-HSA-2871796,0.07599784528505486
R-HSA-2871809,0.07599784528505486
R-HSA-2871837,0.07599784528505486
R-HSA-2892245,0.07599784528505486
R-HSA-2892247,0.07599784528505486
R-HSA-2894858,0.15199569057010973
R-HSA-2894862,0.07599784528505486
R-HSA-2978092,0.07599784528505486
R-HSA-2979096,0.07599784528505486
R-HSA-2980736,0.2279935358551646
R-HSA-2980766,0.15199569057010973
R-HSA-2980767,0.07599784528505486
R-HSA-2990846,0.2279935358551646
R-HSA-2995383,0.07599784528505486
R-HSA-2995410,0.15199569057010973
R-HSA-3000157,0.07599784528505486
R-HSA-3000170,0.07599784528505486
R-HSA-3000171,0.15199569057010973
R-HSA-3000178,0.07599784528505486
R-HSA-3000471,0.07599784528505486
R-HSA-3000480,0.07599784528505486
R-HSA-3000484,0.07599784528505486
R-HSA-3000497,0.07599784528505486
R-HSA-3065676,0.07599784528505486
R-HSA-3065678,0.07599784528505486
R-HSA-3065679,0.07599784528505486
R-HSA-3108214,0.07599784528505486
R-HSA-3108232,0.15199569057010973
R-HSA-3134963,0.07599784528505486
R-HSA-3134973,0.07599784528505486
R-HSA-3134975,0.15199569057010973
R-HSA-3214815,0.07599784528505486
R-HSA-3214841,0.07599784528505486
R-HSA-3214842,0.07599784528505486
R-HSA-3214847,0.07599784528505486
R-HSA-3214858,0.07599784528505486
R-HSA-3215018,0.15199569057010973
R-HSA-3229121,0.15199569057010973
R-HSA-3229133,0.07599784528505486
R-HSA-3232118,0.07599784528505486
R-HSA-3232142,0.07599784528505486
R-HSA-3238698,0.07599784528505486
R-HSA-3247509,0.15199569057010973
R-HSA-3248023,0.07599784528505486
R-HSA-3249367,0.07599784528505486
R-HSA-3270619,0.07599784528505486
R-HSA-3274531,0.07599784528505486
R-HSA-3282872,0.07599784528505486
R-HSA-3295583,0.07599784528505486
R-HSA-3296197,0.07599784528505486
R-HSA-3296469,0.15199569057010973
R-HSA-3296482,0.2279935358551646
R-HSA-3299685,0.07599784528505486
R-HSA-3301854,0.07599784528505486
R-HSA-3304347,0.15199569057010973
R-HSA-3304349,0.15199569057010973
R-HSA-3304351,0.2279935358551646
R-HSA-3304356,0.07599784528505486
R-HSA-3311021,0.07599784528505486
R-HSA-3315487,0.07599784528505486
R-HSA-3322077,0.07599784528505486
R-HSA-3323169,0.15199569057010973
R-HSA-3359454,0.07599784528505486
R-HSA-3359457,0.07599784528505486
R-HSA-3359462,0.07599784528505486
R-HSA-3359463,0.07599784528505486
R-HSA-3359467,0.07599784528505486
R-HSA-3359469,0.07599784528505486
R-HSA-3359471,0.07599784528505486
R-HSA-3359473,0.07599784528505486
R-HSA-3359474,0.07599784528505486
R-HSA-3359475,0.07599784528505486
R-HSA-3359478,0.07599784528505486
R-HSA-3359485,0.07599784528505486
R-HSA-3371378,0.07599784528505486
R-HSA-3371453,0.07599784528505486
R-HSA-3371497,0.07599784528505486
R-HSA-3371511,0.07599784528505486
R-HSA-3371556,0.2279935358551646
R-HSA-3371568,0.07599784528505486
R-HSA-3371571,0.15199569057010973
R-HSA-3371598,0.07599784528505486
R-HSA-3371599,0.07599784528505486
R-HSA-349425,0.07599784528505486
R-HSA-350054,0.07599784528505486
R-HSA-350562,0.07599784528505486
R-HSA-350864,0.07599784528505486
R-HSA-351143,0.07599784528505486
R-HSA-351200,0.07599784528505486
R-HSA-351202,0.15199569057010973
R-HSA-351906,0.07599784528505486
R-HSA-352230,0.07599784528505486
R-HSA-352238,0.07599784528505486
R-HSA-354192,0.14341371970464747
R-HSA-354194,0.07599784528505486
R-HSA-3560782,0.15199569057010973
R-HSA-3560783,0.07599784528505486
R-HSA-3560792,0.07170685985232374
R-HSA-3560796,0.07599784528505486
R-HSA-3560801,0.07599784528505486
R-HSA-3595172,0.07599784528505486
R-HSA-3595174,0.07599784528505486
R-HSA-3595177,0.07599784528505486
R-HSA-3642278,0.15199569057010973
R-HSA-3642279,0.07599784528505486
R-HSA-3645790,0.07599784528505486
R-HSA-3656225,0.07599784528505486
R-HSA-3656234,0.07599784528505486
R-HSA-3656237,0.07599784528505486
R-HSA-3656243,0.07599784528505486
R-HSA-3656244,0.07599784528505486
R-HSA-3656248,0.07599784528505486
R-HSA-3656253,0.07599784528505486
R-HSA-3656532,0.07599784528505486
R-HSA-3656534,0.15199569057010973
R-HSA-3656535,0.07599784528505486
R-HSA-3700989,0.30399138114021945
R-HSA-372708,0.07599784528505486
R-HSA-372790,0.8359762981356035
R-HSA-373076,0.2279935358551646
R-HSA-373080,0.15199569057010973
R-HSA-373752,0.15199569057010973
R-HSA-373753,0.07599784528505486
R-HSA-373755,0.2279935358551646
R-HSA-373756,0.07599784528505486
R-HSA-373760,0.15199569057010973
R-HSA-375165,0.15199569057010973
R-HSA-375276,0.15199569057010973
R-HSA-375280,0.15199569057010973
R-HSA-375281,0.07599784528505486
R-HSA-376172,0.07599784528505486
R-HSA-376176,0.15199569057010973
R-HSA-3769402,0.07599784528505486
R-HSA-3772470,0.07599784528505486
R-HSA-3781860,0.15199569057010973
R-HSA-3781865,0.2279935358551646
R-HSA-3785653,0.07599784528505486
R-HSA-379397,0.07599784528505486
R-HSA-379398,0.07599784528505486
R-HSA-379401,0.15199569057010973
R-HSA-379716,0.07599784528505486
R-HSA-379724,0.15199569057010973
R-HSA-379726,0.07599784528505486
R-HSA-380095,0.07599784528505486
R-HSA-380108,0.07599784528505486
R-HSA-380259,0.07599784528505486
R-HSA-380270,0.07599784528505486
R-HSA-380284,0.15199569057010973
R-HSA-380287,0.2279935358551646
R-HSA-380320,0.07599784528505486
R-HSA-380612,0.07599784528505486
R-HSA-380615,0.15199569057010973
R-HSA-380972,0.07599784528505486
R-HSA-380994,0.07599784528505486
R-HSA-381033,0.15199569057010973
R-HSA-381038,0.07599784528505486
R-HSA-381042,0.15199569057010973
R-HSA-381070,0.15199569057010973
R-HSA-381119,0.2279935358551646
R-HSA-381183,0.07599784528505486
R-HSA-381340,0.07599784528505486
R-HSA-381426,0.07599784528505486
R-HSA-3814836,0.07599784528505486
R-HSA-381676,0.07599784528505486
R-HSA-381753,0.15199569057010973
R-HSA-381771,0.07599784528505486
R-HSA-382551,0.5
R-HSA-382556,0.15199569057010973
R-HSA-3828062,0.07599784528505486
R-HSA-383280,0.07599784528505486
R-HSA-3858494,0.2279935358551646
R-HSA-3858516,0.07599784528505486
R-HSA-3878781,0.07599784528505486
R-HSA-388396,0.7599784528505487
R-HSA-388479,0.07599784528505486
R-HSA-388841,0.2279935358551646
R-HSA-388844,0.07599784528505486
R-HSA-389356,0.15199569057010973
R-HSA-389357,0.07599784528505486
R-HSA-389359,0.07599784528505486
R-HSA-389397,0.07599784528505486
R-HSA-389513,0.07599784528505486
R-HSA-389542,0.07599784528505486
R-HSA-389599,0.07599784528505486
R-HSA-389661,0.15199569057010973
R-HSA-389887,0.07599784528505486
R-HSA-3899300,0.07599784528505486
R-HSA-389948,0.07599784528505486
R-HSA-389957,0.07599784528505486
R-HSA-389958,0.15199569057010973
R-HSA-389960,0.07599784528505486
R-HSA-389977,0.07599784528505486
R-HSA-390247,0.07599784528505486
R-HSA-390450,0.07599784528505486
R-HSA-390466,0.2279935358551646
R-HSA-390471,0.07599784528505486
R-HSA-390522,0.07599784528505486
R-HSA-390648,0.07599784528505486
R-HSA-390650,0.07599784528505486
R-HSA-390651,0.07599784528505486
R-HSA-390666,0.07599784528505486
R-HSA-390696,0.07599784528505486
R-HSA-3906995,0.15199569057010973
R-HSA-390918,0.15199569057010973
R-HSA-391160,0.07599784528505486
R-HSA-391251,0.30399138114021945
R-HSA-391903,0.15199569057010973
R-HSA-391906,0.07599784528505486
R-HSA-391908,0.07599784528505486
R-HSA-392023,0.07599784528505486
R-HSA-392154,0.15199569057010973
R-HSA-392170,0.07599784528505486
R-HSA-392451,0.07599784528505486
R-HSA-392499,0.5
R-HSA-392517,0.07599784528505486
R-HSA-392518,0.15199569057010973
R-HSA-392851,0.07599784528505486
R-HSA-3928662,0.07599784528505486
R-HSA-3928663,0.07599784528505486
R-HSA-3928664,0.07599784528505486
R-HSA-3928665,0.07599784528505486
R-HSA-397014,0.25
R-HSA-397795,0.15199569057010973
R-HSA-399710,0.07599784528505486
R-HSA-399719,0.15199569057010973
R-HSA-399721,0.2279935358551646
R-HSA-399954,0.07599784528505486
R-HSA-399955,0.07599784528505486
R-HSA-399956,0.07599784528505486
R-HSA-399997,0.07599784528505486
R-HSA-400042,0.07599784528505486
R-HSA-400206,0.15199569057010973
R-HSA-400253,0.16666666666666666
R-HSA-400451,0.15199569057010973
R-HSA-400508,0.15199569057010973
R-HSA-400511,0.07599784528505486
R-HSA-400685,0.15199569057010973
R-HSA-4043911,0.07599784528505486
R-HSA-4043916,0.07599784528505486
R-HSA-4085001,0.07599784528505486
R-HSA-4085011,0.07599784528505486
R-HSA-4085023,0.07599784528505486
R-HSA-4085377,0.07599784528505486
R-HSA-4086398,0.07599784528505486
R-HSA-4086400,0.15199569057010973
R-HSA-4090294,0.07599784528505486
R-HSA-416476,0.2279935358551646
R-HSA-416482,0.07599784528505486
R-HSA-416550,0.07599784528505486
R-HSA-416572,0.07599784528505486
R-HSA-416700,0.07599784528505486
R-HSA-416993,0.07599784528505486
R-HSA-417957,0.07599784528505486
R-HSA-417973,0.07599784528505486
R-HSA-418038,0.15199569057010973
R-HSA-418217,0.07599784528505486
R-HSA-418346,0.2279935358551646
R-HSA-418359,0.07599784528505486
R-HSA-418360,0.15199569057010973
R-HSA-418457,0.07599784528505486
R-HSA-418555,0.15199569057010973
R-HSA-418592,0.07599784528505486
R-HSA-418594,0.6839806075654938
R-HSA-418597,0.07599784528505486
R-HSA-418885,0.07599784528505486
R-HSA-418886,0.07599784528505486
R-HSA-418889,0.07599784528505486
R-HSA-418890,0.07599784528505486
R-HSA-418990,0.4559870717103292
R-HSA-419037,0.07599784528505486
R-HSA-419408,0.07599784528505486
R-HSA-419771,0.07599784528505486
R-HSA-419812,0.07599784528505486
R-HSA-420029,0.07599784528505486
R-HSA-420092,0.07599784528505486
R-HSA-420499,0.07599784528505486
R-HSA-420597,0.07599784528505486
R-HSA-421270,0.5319849169953841
R-HSA-422085,0.07599784528505486
R-HSA-422356,0.2279935358551646
R-HSA-422475,0.30399138114021945
R-HSA-425366,0.30399138114021945
R-HSA-425381,0.07599784528505486
R-HSA-425393,0.2279935358551646
R-HSA-425397,0.15199569057010973
R-HSA-425407,0.37998922642527433
R-HSA-425410,0.2279935358551646
R-HSA-425561,0.07599784528505486
R-HSA-425986,0.07599784528505486
R-HSA-426048,0.07599784528505486
R-HSA-426117,0.07599784528505486
R-HSA-426486,0.07599784528505486
R-HSA-426496,0.07599784528505486
R-HSA-427359,0.07599784528505486
R-HSA-427389,0.07599784528505486
R-HSA-427413,0.07599784528505486
R-HSA-427589,0.07599784528505486
R-HSA-427601,0.07599784528505486
R-HSA-427652,0.15199569057010973
R-HSA-427975,0.07599784528505486
R-HSA-428157,0.15199569057010973
R-HSA-428359,0.07599784528505486
R-HSA-428540,0.07599784528505486
R-HSA-428542,0.07599784528505486
R-HSA-428543,0.07599784528505486
R-HSA-428559,0.07599784528505486
R-HSA-428643,0.07599784528505486
R-HSA-428890,0.07599784528505486
R-HSA-428930,0.07599784528505486
R-HSA-429593,0.07599784528505486
R-HSA-429914,0.15199569057010973
R-HSA-429947,0.07599784528505486
R-HSA-429958,0.07599784528505486
R-HSA-430039,0.07599784528505486
R-HSA-430116,0.07599784528505486
R-HSA-432030,0.07599784528505486
R-HSA-432040,0.07599784528505486
R-HSA-432047,0.07599784528505486
R-HSA-432142,0.07599784528505486
R-HSA-432720,0.07599784528505486
R-HSA-432722,0.07599784528505486
R-HSA-433137,0.07599784528505486
R-HSA-433692,0.07599784528505486
R-HSA-4341670,0.07599784528505486
R-HSA-434313,0.07599784528505486
R-HSA-434316,0.07599784528505486
R-HSA-435354,0.15199569057010973
R-HSA-435368,0.07599784528505486
R-HSA-437239,0.07599784528505486
R-HSA-438064,0.2279935358551646
R-HSA-438066,0.07599784528505486
R-HSA-4411364,0.07599784528505486
R-HSA-4419969,0.07599784528505486
R-HSA-4420097,0.15199569057010973
R-HSA-4420332,0.07599784528505486
R-HSA-442380,0.07599784528505486
R-HSA-442660,0.07599784528505486
R-HSA-442720,0.07599784528505486
R-HSA-442729,0.07599784528505486
R-HSA-442742,0.15199569057010973
R-HSA-442755,0.30399138114021945
R-HSA-442982,0.07599784528505486
R-HSA-444209,0.07599784528505486
R-HSA-444257,0.07599784528505486
R-HSA-444411,0.07599784528505486
R-HSA-444473,0.07599784528505486
R-HSA-444821,0.07599784528505486
R-HSA-445095,0.07599784528505486
R-HSA-445144,0.07599784528505486
R-HSA-445355,0.07599784528505486
R-HSA-445717,0.15199569057010973
R-HSA-445989,0.12548002971060812
R-HSA-446107,0.07599784528505486
R-HSA-446193,0.2279935358551646
R-HSA-446199,0.07599784528505486
R-HSA-446203,0.30399138114021945
R-HSA-446205,0.07599784528505486
R-HSA-446210,0.07599784528505486
R-HSA-446219,0.15199569057010973
R-HSA-446343,0.07599784528505486
R-HSA-446353,0.15199569057010973
R-HSA-446388,0.07599784528505486
R-HSA-446652,0.30399138114021945
R-HSA-446728,0.6079827622804389
R-HSA-447038,0.07599784528505486
R-HSA-447041,0.07599784528505486
R-HSA-447043,0.07599784528505486
R-HSA-447115,0.2279935358551646
R-HSA-448424,0.37998922642527433
R-HSA-448706,0.07599784528505486
R-HSA-449147,0.4559870717103292
R-HSA-449836,0.07599784528505486
R-HSA-450282,0.2279935358551646
R-HSA-450294,0.25096005942121624
R-HSA-450302,0.07599784528505486
R-HSA-450321,0.07599784528505486
R-HSA-450341,0.07599784528505486
R-HSA-450385,0.07599784528505486
R-HSA-450408,0.07599784528505486
R-HSA-450513,0.07599784528505486
R-HSA-450520,0.07599784528505486
R-HSA-450531,0.15199569057010973
R-HSA-450604,0.07599784528505486
R-HSA-451306,0.15199569057010973
R-HSA-451307,0.07599784528505486
R-HSA-451308,0.07599784528505486
R-HSA-451326,0.2279935358551646
R-HSA-451927,0.15199569057010973
R-HSA-452723,0.15199569057010973
R-HSA-453274,0.37998922642527433
R-HSA-453276,0.4559870717103292
R-HSA-453279,0.30399138114021945
R-HSA-4549349,0.07599784528505486
R-HSA-4549356,0.07599784528505486
R-HSA-4549380,0.07599784528505486
R-HSA-4551295,0.07599784528505486
R-HSA-4551638,0.07599784528505486
R-HSA-456926,0.07599784528505486
R-HSA-4570464,0.07599784528505486
R-HSA-4570571,0.07599784528505486
R-HSA-4608870,0.07599784528505486
R-HSA-4615885,0.07599784528505486
R-HSA-4641257,0.07599784528505486
R-HSA-4641258,0.07599784528505486
R-HSA-4641262,0.07599784528505486
R-HSA-4641263,0.07599784528505486
R-HSA-4641265,0.07599784528505486
R-HSA-4655427,0.07599784528505486
R-HSA-4687000,0.07599784528505486
R-HSA-4717374,0.07599784528505486
R-HSA-4719360,0.07599784528505486
R-HSA-4719377,0.07599784528505486
R-HSA-4720454,0.07599784528505486
R-HSA-4720475,0.07599784528505486
R-HSA-4720489,0.07599784528505486
R-HSA-4724289,0.07599784528505486
R-HSA-4724325,0.07599784528505486
R-HSA-4755510,0.07599784528505486
R-HSA-4755579,0.07599784528505486
R-HSA-4755583,0.07599784528505486
R-HSA-4755609,0.07599784528505486
R-HSA-4791275,0.2279935358551646
R-HSA-4793950,0.07599784528505486
R-HSA-4793952,0.07599784528505486
R-HSA-4793953,0.07599784528505486
R-HSA-4793954,0.07599784528505486
R-HSA-480985,0.07599784528505486
R-HSA-4839726,0.25
R-HSA-4839735,0.15199569057010973
R-HSA-4839743,0.15199569057010973
R-HSA-4839744,0.15199569057010973
R-HSA-4839748,0.15199569057010973
R-HSA-499943,0.07599784528505486
R-HSA-500657,0.07599784528505486
R-HSA-500753,0.07599784528505486
R-HSA-500792,0.30399138114021945
R-HSA-5083625,0.07599784528505486
R-HSA-5083627,0.07599784528505486
R-HSA-5083628,0.07599784528505486
R-HSA-5083629,0.07599784528505486
R-HSA-5083630,0.07599784528505486
R-HSA-5083632,0.07599784528505486
R-HSA-5083633,0.07599784528505486
R-HSA-5083635,0.07599784528505486
R-HSA-5083636,0.07599784528505486
R-HSA-5099900,0.07599784528505486
R-HSA-512988,0.15199569057010973
R-HSA-5140745,0.07599784528505486
R-HSA-5173105,0.2279935358551646
R-HSA-5173214,0.07599784528505486
R-HSA-5205647,0.15199569057010973
R-HSA-5205685,0.07599784528505486
R-HSA-5210891,0.07599784528505486
R-HSA-5213460,0.2279935358551646
R-HSA-5218859,0.30399138114021945
R-HSA-5218900,0.07599784528505486
R-HSA-5218920,0.07599784528505486
R-HSA-5218921,0.07599784528505486
R-HSA-5221030,0.07599784528505486
R-HSA-5223345,0.07599784528505486
R-HSA-5250913,0.15199569057010973
R-HSA-5250924,0.07599784528505486
R-HSA-5250941,0.15199569057010973
R-HSA-5250955,0.07599784528505486
R-HSA-5250958,0.07599784528505486
R-HSA-5250968,0.07599784528505486
R-HSA-5250971,0.07599784528505486
R-HSA-5250981,0.07599784528505486
R-HSA-5250982,0.07599784528505486
R-HSA-5250989,0.07599784528505486
R-HSA-5250992,0.07599784528505486
R-HSA-525793,0.07599784528505486
R-HSA-5260271,0.2279935358551646
R-HSA-5263617,0.07599784528505486
R-HSA-532668,0.2279935358551646
R-HSA-5334118,0.07599784528505486
R-HSA-5336415,0.07599784528505486
R-HSA-5339562,0.2279935358551646
R-HSA-5339700,0.07599784528505486
R-HSA-5339716,0.07599784528505486
R-HSA-5339717,0.07599784528505486
R-HSA-5340573,0.07599784528505486
R-HSA-5340588,0.07599784528505486
R-HSA-5357609,0.07599784528505486
R-HSA-5357769,0.2279935358551646
R-HSA-5357786,0.07599784528505486
R-HSA-5357801,0.5833333333333334
R-HSA-5357905,0.07599784528505486
R-HSA-5357956,0.07599784528505486
R-HSA-5358346,0.15199569057010973
R-HSA-5358351,0.2279935358551646
R-HSA-5358493,0.07599784528505486
R-HSA-5358508,0.15199569057010973
R-HSA-5358565,0.07599784528505486
R-HSA-5358606,0.07599784528505486
R-HSA-5358747,0.07599784528505486
R-HSA-5358749,0.07599784528505486
R-HSA-5358751,0.07599784528505486
R-HSA-5358752,0.07599784528505486
R-HSA-5362517,0.15199569057010973
R-HSA-5362768,0.07599784528505486
R-HSA-5362798,0.07599784528505486
R-HSA-5365859,0.07599784528505486
R-HSA-5368286,0.07599784528505486
R-HSA-5368287,0.15199569057010973
R-HSA-5368598,0.07599784528505486
R-HSA-5387390,0.15199569057010973
R-HSA-5389840,0.07599784528505486
R-HSA-5419276,0.07599784528505486
R-HSA-5423599,0.15199569057010973
R-HSA-5423646,0.07599784528505486
R-HSA-5467333,0.07599784528505486
R-HSA-5467337,0.07599784528505486
R-HSA-5467340,0.07599784528505486
R-HSA-5467348,0.07599784528505486
R-HSA-549127,0.07599784528505486
R-HSA-549132,0.15199569057010973
R-HSA-5545483,0.07599784528505486
R-HSA-5545619,0.07599784528505486
R-HSA-556833,0.37998922642527433
R-HSA-5576886,0.07599784528505486
R-HSA-5576890,0.07599784528505486
R-HSA-5576891,0.15199569057010973
R-HSA-5576892,0.07599784528505486
R-HSA-5576893,0.07599784528505486
R-HSA-5576894,0.07599784528505486
R-HSA-5578749,0.07599784528505486
R-HSA-5578768,0.07599784528505486
R-HSA-5578775,0.07599784528505486
R-HSA-5578995,0.07599784528505486
R-HSA-5578996,0.07599784528505486
R-HSA-5578997,0.07599784528505486
R-HSA-5578998,0.07599784528505486
R-HSA-5578999,0.07599784528505486
R-HSA-5579000,0.07599784528505486
R-HSA-5579002,0.07599784528505486
R-HSA-5579004,0.07599784528505486
R-HSA-5579005,0.07599784528505486
R-HSA-5579006,0.07599784528505486
R-HSA-5579007,0.07599784528505486
R-HSA-5579009,0.07599784528505486
R-HSA-5579010,0.07599784528505486
R-HSA-5579011,0.07599784528505486
R-HSA-5579012,0.07599784528505486
R-HSA-5579013,0.07599784528505486
R-HSA-5579014,0.07599784528505486
R-HSA-5579015,0.07599784528505486
R-HSA-5579016,0.07599784528505486
R-HSA-5579017,0.07599784528505486
R-HSA-5579019,0.07599784528505486
R-HSA-5579020,0.07599784528505486
R-HSA-5579021,0.07599784528505486
R-HSA-5579022,0.07599784528505486
R-HSA-5579024,0.07599784528505486
R-HSA-5579026,0.07599784528505486
R-HSA-5579027,0.07599784528505486
R-HSA-5579028,0.07599784528505486
R-HSA-5579029,0.15199569057010973
R-HSA-5579030,0.07599784528505486
R-HSA-5579031,0.07599784528505486
R-HSA-5579032,0.07599784528505486
R-HSA-5601884,0.07599784528505486
R-HSA-5602358,0.15199569057010973
R-HSA-5602410,0.07599784528505486
R-HSA-5602415,0.07599784528505486
R-HSA-5602498,0.07599784528505486
R-HSA-5602566,0.07599784528505486
R-HSA-5602571,0.07599784528505486
R-HSA-5602636,0.07599784528505486
R-HSA-5602680,0.07599784528505486
R-HSA-5603027,0.07599784528505486
R-HSA-5603029,0.07599784528505486
R-HSA-5603037,0.07599784528505486
R-HSA-5603041,0.07599784528505486
R-HSA-5607761,0.07599784528505486
R-HSA-5607763,0.07599784528505486
R-HSA-5607764,0.15199569057010973
R-HSA-5609974,0.07599784528505486
R-HSA-5609975,0.15199569057010973
R-HSA-5609976,0.07599784528505486
R-HSA-5609977,0.07599784528505486
R-HSA-5609978,0.07599784528505486
R-HSA-561048,0.07599784528505486
R-HSA-5610780,0.07599784528505486
R-HSA-5610783,0.07599784528505486
R-HSA-5610785,0.07599784528505486
R-HSA-5610787,0.15199569057010973
R-HSA-5617472,0.07599784528505486
R-HSA-5617833,0.2279935358551646
R-HSA-5619035,0.07599784528505486
R-HSA-5619036,0.07599784528505486
R-HSA-5619037,0.07599784528505486
R-HSA-5619039,0.07599784528505486
R-HSA-5619040,0.07599784528505486
R-HSA-5619041,0.07599784528505486
R-HSA-5619042,0.07599784528505486
R-HSA-5619043,0.07599784528505486
R-HSA-5619044,0.07599784528505486
R-HSA-5619045,0.07599784528505486
R-HSA-5619046,0.07599784528505486
R-HSA-5619047,0.07599784528505486
R-HSA-5619048,0.07599784528505486
R-HSA-5619049,0.07599784528505486
R-HSA-5619050,0.07599784528505486
R-HSA-5619052,0.07599784528505486
R-HSA-5619053,0.07599784528505486
R-HSA-5619054,0.07599784528505486
R-HSA-5619055,0.07599784528505486
R-HSA-5619056,0.07599784528505486
R-HSA-5619058,0.07599784528505486
R-HSA-5619060,0.07599784528505486
R-HSA-5619061,0.07599784528505486
R-HSA-5619062,0.07599784528505486
R-HSA-5619063,0.07599784528505486
R-HSA-5619066,0.07599784528505486
R-HSA-5619067,0.07599784528505486
R-HSA-5619068,0.07599784528505486
R-HSA-5619070,0.07599784528505486
R-HSA-5619071,0.07599784528505486
R-HSA-5619072,0.07599784528505486
R-HSA-5619073,0.07599784528505486
R-HSA-5619076,0.07599784528505486
R-HSA-5619077,0.07599784528505486
R-HSA-5619078,0.07599784528505486
R-HSA-5619079,0.07599784528505486
R-HSA-5619081,0.07599784528505486
R-HSA-5619083,0.07599784528505486
R-HSA-5619084,0.15199569057010973
R-HSA-5619085,0.07599784528505486
R-HSA-5619087,0.07599784528505486
R-HSA-5619088,0.07599784528505486
R-HSA-5619089,0.07599784528505486
R-HSA-5619092,0.07599784528505486
R-HSA-5619094,0.07599784528505486
R-HSA-5619095,0.07599784528505486
R-HSA-5619096,0.07599784528505486
R-HSA-5619097,0.07599784528505486
R-HSA-5619098,0.07599784528505486
R-HSA-5619099,0.07599784528505486
R-HSA-5619101,0.07599784528505486
R-HSA-5619102,0.15199569057010973
R-HSA-5619104,0.07599784528505486
R-HSA-5619107,0.07599784528505486
R-HSA-5619108,0.07599784528505486
R-HSA-5619109,0.07599784528505486
R-HSA-5619110,0.07599784528505486
R-HSA-5619111,0.07599784528505486
R-HSA-5619113,0.07599784528505486
R-HSA-5619114,0.07599784528505486
R-HSA-5619115,0.2279935358551646
R-HSA-5619507,0.15199569057010973
R-HSA-5620912,0.07599784528505486
R-HSA-5620916,0.07599784528505486
R-HSA-5620920,0.15199569057010973
R-HSA-5620922,0.07599784528505486
R-HSA-5620924,0.07599784528505486
R-HSA-5620971,0.07599784528505486
R-HSA-5621480,0.07599784528505486
R-HSA-5621481,0.2279935358551646
R-HSA-5621575,0.07599784528505486
R-HSA-5624138,0.07599784528505486
R-HSA-5624958,0.07599784528505486
R-HSA-5625740,0.15199569057010973
R-HSA-5625886,0.07599784528505486
R-HSA-5625900,0.07599784528505486
R-HSA-5625970,0.07599784528505486
R-HSA-5626467,0.07599784528505486
R-HSA-5626978,0.07599784528505486
R-HSA-5627083,0.07599784528505486
R-HSA-5627117,0.07599784528505486
R-HSA-5627123,0.07599784528505486
R-HSA-5628897,0.07599784528505486
R-HSA-5632681,0.07599784528505486
R-HSA-5632684,0.15199569057010973
R-HSA-5632927,0.07599784528505486
R-HSA-5632928,0.07599784528505486
R-HSA-5632968,0.07599784528505486
R-HSA-5632987,0.07599784528505486
R-HSA-5633007,0.2279935358551646
R-HSA-5633008,0.15199569057010973
R-HSA-5633231,0.07599784528505486
R-HSA-5635838,0.07599784528505486
R-HSA-5635851,0.07599784528505486
R-HSA-5637810,0.07599784528505486
R-HSA-5637812,0.15199569057010973
R-HSA-5637815,0.15199569057010973
R-HSA-5638302,0.15199569057010973
R-HSA-5638303,0.07599784528505486
R-HSA-5649702,0.07599784528505486
R-HSA-5651801,0.07599784528505486
R-HSA-5652084,0.15199569057010973
R-HSA-5652227,0.07599784528505486
R-HSA-5653656,0.5833333333333334
R-HSA-5653890,0.07599784528505486
R-HSA-5654219,0.07599784528505486
R-HSA-5654221,0.07599784528505486
R-HSA-5654227,0.07599784528505486
R-HSA-5654228,0.07599784528505486
R-HSA-5654687,0.15199569057010973
R-HSA-5654688,0.07599784528505486
R-HSA-5654689,0.07599784528505486
R-HSA-5654693,0.07599784528505486
R-HSA-5654695,0.07599784528505486
R-HSA-5654696,0.15199569057010973
R-HSA-5654699,0.07599784528505486
R-HSA-5654700,0.07599784528505486
R-HSA-5654704,0.07599784528505486
R-HSA-5654706,0.07599784528505486
R-HSA-5654708,0.15199569057010973
R-HSA-5654710,0.07599784528505486
R-HSA-5654712,0.07599784528505486
R-HSA-5654716,0.15199569057010973
R-HSA-5654719,0.07599784528505486
R-HSA-5654720,0.07599784528505486
R-HSA-5654726,0.15199569057010973
R-HSA-5654727,0.15199569057010973
R-HSA-5654732,0.15199569057010973
R-HSA-5654733,0.15199569057010973
R-HSA-5654736,0.2279935358551646
R-HSA-5654738,0.2279935358551646
R-HSA-5654741,0.2279935358551646
R-HSA-5654743,0.2279935358551646
R-HSA-5655253,0.2279935358551646
R-HSA-5655291,0.15199569057010973
R-HSA-5655302,0.2279935358551646
R-HSA-5655332,0.2279935358551646
R-HSA-5655799,0.07599784528505486
R-HSA-5655862,0.07599784528505486
R-HSA-5656121,0.07599784528505486
R-HSA-5656169,0.07599784528505486
R-HSA-5656364,0.07599784528505486
R-HSA-5657560,0.07599784528505486
R-HSA-5657562,0.07599784528505486
R-HSA-5657655,0.07599784528505486
R-HSA-5658034,0.07599784528505486
R-HSA-5658208,0.07599784528505486
R-HSA-5658442,0.07599784528505486
R-HSA-5658471,0.07599784528505486
R-HSA-5658623,0.07599784528505486
R-HSA-5659729,0.07599784528505486
R-HSA-5659735,0.07599784528505486
R-HSA-5659898,0.07599784528505486
R-HSA-5659996,0.07599784528505486
R-HSA-5660489,0.07599784528505486
R-HSA-5660526,0.15199569057010973
R-HSA-5660668,0.07599784528505486
R-HSA-5660686,0.07599784528505486
R-HSA-5660724,0.07599784528505486
R-HSA-5660862,0.07599784528505486
R-HSA-5660883,0.07599784528505486
R-HSA-5661231,0.07599784528505486
R-HSA-5661270,0.07599784528505486
R-HSA-5662702,0.07599784528505486
R-HSA-5662853,0.07599784528505486
R-HSA-5663020,0.07599784528505486
R-HSA-5663084,0.2279935358551646
R-HSA-5663202,0.37998922642527433
R-HSA-5663205,0.6839806075654938
R-HSA-5663213,0.07599784528505486
R-HSA-5663220,0.07599784528505486
R-HSA-5666185,0.07599784528505486
R-HSA-5668541,0.15199569057010973
R-HSA-5668599,0.07599784528505486
R-HSA-5668914,0.30399138114021945
R-HSA-5669034,0.07599784528505486
R-HSA-5673000,0.07599784528505486
R-HSA-5673001,0.2279935358551646
R-HSA-5674135,0.07599784528505486
R-HSA-5674400,0.07599784528505486
R-HSA-5674404,0.07599784528505486
R-HSA-5674499,0.07599784528505486
R-HSA-5675221,0.15199569057010973
R-HSA-5675482,0.15199569057010973
R-HSA-5676590,0.07599784528505486
R-HSA-5676594,0.07599784528505486
R-HSA-5676934,0.07599784528505486
R-HSA-5678420,0.07599784528505486
R-HSA-5678520,0.07599784528505486
R-HSA-5678771,0.07599784528505486
R-HSA-5678895,0.07599784528505486
R-HSA-5679001,0.07599784528505486
R-HSA-5679090,0.07599784528505486
R-HSA-5679096,0.07599784528505486
R-HSA-5682113,0.07599784528505486
R-HSA-5682294,0.07599784528505486
R-HSA-5682910,0.07599784528505486
R-HSA-5683057,0.37998922642527433
R-HSA-5683177,0.07599784528505486
R-HSA-5683329,0.07170685985232374
R-HSA-5683371,0.07599784528505486
R-HSA-5683678,0.07599784528505486
R-HSA-5683826,0.07599784528505486
R-HSA-5684045,0.07599784528505486
R-HSA-5684264,0.07170685985232374
R-HSA-5684996,0.30399138114021945
R-HSA-5685938,0.07599784528505486
R-HSA-5685939,0.07599784528505486
R-HSA-5685942,0.2279935358551646
R-HSA-5686938,0.07599784528505486
R-HSA-5687128,0.07599784528505486
R-HSA-5687583,0.07599784528505486
R-HSA-5687613,0.15199569057010973
R-HSA-5687868,0.07599784528505486
R-HSA-5688031,0.07599784528505486
R-HSA-5688354,0.07599784528505486
R-HSA-5688399,0.07599784528505486
R-HSA-5688426,0.15199569057010973
R-HSA-5688849,0.07599784528505486
R-HSA-5688890,0.07599784528505486
R-HSA-5689603,0.07599784528505486
R-HSA-5689877,0.07599784528505486
R-HSA-5689880,0.07599784528505486
R-HSA-5689896,0.07599784528505486
R-HSA-5689901,0.07599784528505486
R-HSA-5690338,0.07599784528505486
R-HSA-5690714,0.07599784528505486
R-HSA-5693532,0.4559870717103292
R-HSA-5693537,0.15199569057010973
R-HSA-5693538,0.37998922642527433
R-HSA-5693548,0.07599784528505486
R-HSA-5693554,0.07599784528505486
R-HSA-5693565,0.07599784528505486
R-HSA-5693567,0.30399138114021945
R-HSA-5693568,0.07599784528505486
R-HSA-5693571,0.07599784528505486
R-HSA-5693579,0.15199569057010973
R-HSA-5693606,0.15199569057010973
R-HSA-5693607,0.07599784528505486
R-HSA-5693616,0.07599784528505486
R-HSA-5694530,0.07599784528505486
R-HSA-5696394,0.07599784528505486
R-HSA-5696395,0.07599784528505486
R-HSA-5696397,0.07599784528505486
R-HSA-5696398,0.2279935358551646
R-HSA-5696399,0.15199569057010973
R-HSA-5696400,0.07599784528505486
R-HSA-597592,0.37998922642527433
R-HSA-606279,0.07599784528505486
R-HSA-611105,0.15199569057010973
R-HSA-622312,0.15199569057010973
R-HSA-622323,0.15199569057010973
R-HSA-622327,0.15199569057010973
R-HSA-629587,0.07170685985232374
R-HSA-629594,0.07599784528505486
R-HSA-629597,0.07599784528505486
R-HSA-674695,0.07599784528505486
R-HSA-6781823,0.07599784528505486
R-HSA-6781827,0.15199569057010973
R-HSA-6782135,0.07599784528505486
R-HSA-6782210,0.07599784528505486
R-HSA-6782315,0.15199569057010973
R-HSA-6782861,0.07599784528505486
R-HSA-6783310,0.15199569057010973
R-HSA-6783589,0.15199569057010973
R-HSA-6783783,0.07599784528505486
R-HSA-6783984,0.07599784528505486
R-HSA-6784531,0.07599784528505486
R-HSA-6785470,0.07599784528505486
R-HSA-6785631,0.07599784528505486
R-HSA-6785807,0.07599784528505486
R-HSA-6787450,0.07599784528505486
R-HSA-6787639,0.07599784528505486
R-HSA-6788467,0.07599784528505486
R-HSA-6790901,0.07599784528505486
R-HSA-6791055,0.07599784528505486
R-HSA-6791226,0.07599784528505486
R-HSA-6791312,0.15199569057010973
R-HSA-6791461,0.07599784528505486
R-HSA-6791462,0.07599784528505486
R-HSA-6791465,0.15199569057010973
R-HSA-6793080,0.07599784528505486
R-HSA-6794361,0.07599784528505486
R-HSA-6794362,0.15199569057010973
R-HSA-6796648,0.07599784528505486
R-HSA-6798163,0.07599784528505486
R-HSA-6798695,0.07599784528505486
R-HSA-6799198,0.07599784528505486
R-HSA-6799990,0.07599784528505486
R-HSA-6802946,0.07599784528505486
R-HSA-6802948,0.07599784528505486
R-HSA-6802949,0.2279935358551646
R-HSA-6802952,0.07599784528505486
R-HSA-6802953,0.07599784528505486
R-HSA-6802955,0.07599784528505486
R-HSA-6802957,0.30399138114021945
R-HSA-6803157,0.2279935358551646
R-HSA-6803204,0.07599784528505486
R-HSA-6803205,0.07599784528505486
R-HSA-6803207,0.07599784528505486
R-HSA-6803211,0.07599784528505486
R-HSA-6803529,0.07599784528505486
R-HSA-6803544,0.07599784528505486
R-HSA-6804114,0.07599784528505486
R-HSA-6804115,0.07599784528505486
R-HSA-6804116,0.07599784528505486
R-HSA-6804754,0.07599784528505486
R-HSA-6804756,0.07599784528505486
R-HSA-6804757,0.07599784528505486
R-HSA-6804758,0.15199569057010973
R-HSA-6804759,0.07599784528505486
R-HSA-6804760,0.07599784528505486
R-HSA-6805567,0.15199569057010973
R-HSA-6806003,0.15199569057010973
R-HSA-6806664,0.07599784528505486
R-HSA-6806667,0.15199569057010973
R-HSA-6806834,0.2279935358551646
R-HSA-6806942,0.07599784528505486
R-HSA-6807004,0.15199569057010973
R-HSA-6807047,0.07599784528505486
R-HSA-6807062,0.07599784528505486
R-HSA-6807070,0.2279935358551646
R-HSA-6807505,0.07599784528505486
R-HSA-6807878,0.07599784528505486
R-HSA-6809371,0.07599784528505486
R-HSA-6809583,0.07599784528505486
R-HSA-6811434,0.07599784528505486
R-HSA-6811436,0.07599784528505486
R-HSA-6811438,0.07599784528505486
R-HSA-6811440,0.07599784528505486
R-HSA-6811442,0.2279935358551646
R-HSA-6811555,0.07599784528505486
R-HSA-6811558,0.07599784528505486
R-HSA-6814122,0.07599784528505486
R-HSA-6814848,0.07599784528505486
R-HSA-68616,0.07599784528505486
R-HSA-68689,0.07599784528505486
R-HSA-68867,0.15199569057010973
R-HSA-68875,0.2279935358551646
R-HSA-68877,0.15199569057010973
R-HSA-68881,0.07599784528505486
R-HSA-68882,0.2279935358551646
R-HSA-68884,0.15199569057010973
R-HSA-68886,0.37998922642527433
R-HSA-68911,0.07599784528505486
R-HSA-68949,0.07599784528505486
R-HSA-68952,0.07599784528505486
R-HSA-68962,0.07170685985232374
R-HSA-69002,0.2279935358551646
R-HSA-69017,0.07599784528505486
R-HSA-69052,0.15199569057010973
R-HSA-69091,0.07170685985232374
R-HSA-69109,0.15199569057010973
R-HSA-69166,0.07599784528505486
R-HSA-69183,0.15199569057010973
R-HSA-69186,0.2279935358551646
R-HSA-69190,0.30399138114021945
R-HSA-69200,0.07599784528505486
R-HSA-69202,0.15199569057010973
R-HSA-69205,0.07599784528505486
R-HSA-69206,0.2279935358551646
R-HSA-69231,0.15199569057010973
R-HSA-69236,0.2279935358551646
R-HSA-69239,0.3585342992616187
R-HSA-69242,0.4559870717103292
R-HSA-69273,0.15199569057010973
R-HSA-69275,0.30399138114021945
R-HSA-69278,0.5319849169953841
R-HSA-69306,0.5
R-HSA-69416,0.07599784528505486
R-HSA-69473,0.15199569057010973
R-HSA-69478,0.07599784528505486
R-HSA-69481,0.2279935358551646
R-HSA-69541,0.15199569057010973
R-HSA-69560,0.15199569057010973
R-HSA-69563,0.2279935358551646
R-HSA-69580,0.30399138114021945
R-HSA-69601,0.07599784528505486
R-HSA-69610,0.15199569057010973
R-HSA-69613,0.2279935358551646
R-HSA-69615,0.37998922642527433
R-HSA-69618,0.2279935358551646
R-HSA-69620,0.4559870717103292
R-HSA-69656,0.15199569057010973
R-HSA-69895,0.07599784528505486
R-HSA-70171,0.15199569057010973
R-HSA-70221,0.07599784528505486
R-HSA-70263,0.07599784528505486
R-HSA-70268,0.15199569057010973
R-HSA-70326,0.2279935358551646
R-HSA-70350,0.07599784528505486
R-HSA-70370,0.07599784528505486
R-HSA-70635,0.07599784528505486
R-HSA-70688,0.07599784528505486
R-HSA-70895,0.07599784528505486
R-HSA-70921,0.07599784528505486
R-HSA-71032,0.07599784528505486
R-HSA-71064,0.07599784528505486
R-HSA-71240,0.07599784528505486
R-HSA-71262,0.07599784528505486
R-HSA-71288,0.07599784528505486
R-HSA-71291,0.30399138114021945
R-HSA-71336,0.15199569057010973
R-HSA-71384,0.07599784528505486
R-HSA-71387,0.30399138114021945
R-HSA-71403,0.07599784528505486
R-HSA-71406,0.2279935358551646
R-HSA-71737,0.07599784528505486
R-HSA-72086,0.07599784528505486
R-HSA-72163,0.07599784528505486
R-HSA-72165,0.07599784528505486
R-HSA-72172,0.15199569057010973
R-HSA-72187,0.07599784528505486
R-HSA-72200,0.15199569057010973
R-HSA-72202,0.2279935358551646
R-HSA-72203,0.30399138114021945
R-HSA-72306,0.2279935358551646
R-HSA-72312,0.2279935358551646
R-HSA-72613,0.30399138114021945
R-HSA-72649,0.07599784528505486
R-HSA-72662,0.15199569057010973
R-HSA-72689,0.07599784528505486
R-HSA-72695,0.07599784528505486
R-HSA-72702,0.07599784528505486
R-HSA-72706,0.07599784528505486
R-HSA-72731,0.07599784528505486
R-HSA-72737,0.2279935358551646
R-HSA-72764,0.07599784528505486
R-HSA-72766,0.37998922642527433
R-HSA-727802,0.07599784528505486
R-HSA-73614,0.07599784528505486
R-HSA-73621,0.07599784528505486
R-HSA-73728,0.07599784528505486
R-HSA-73762,0.07599784528505486
R-HSA-73772,0.07599784528505486
R-HSA-73776,0.07599784528505486
R-HSA-73779,0.07599784528505486
R-HSA-73780,0.07599784528505486
R-HSA-73817,0.07599784528505486
R-HSA-73843,0.07599784528505486
R-HSA-73854,0.15199569057010973
R-HSA-73856,0.07599784528505486
R-HSA-73857,0.4559870717103292
R-HSA-73863,0.07599784528505486
R-HSA-73864,0.2279935358551646
R-HSA-73884,0.30399138114021945
R-HSA-73886,0.4559870717103292
R-HSA-73887,0.30399138114021945
R-HSA-73893,0.2279935358551646
R-HSA-73894,0.5833333333333334
R-HSA-73927,0.15199569057010973
R-HSA-73928,0.15199569057010973
R-HSA-73929,0.2279935358551646
R-HSA-73930,0.07599784528505486
R-HSA-73933,0.2279935358551646
R-HSA-73942,0.2279935358551646
R-HSA-73943,0.15199569057010973
R-HSA-73980,0.07599784528505486
R-HSA-74158,0.2279935358551646
R-HSA-74160,0.5833333333333334
R-HSA-74182,0.15199569057010973
R-HSA-74217,0.07599784528505486
R-HSA-74259,0.15199569057010973
R-HSA-74713,0.07599784528505486
R-HSA-74749,0.07599784528505486
R-HSA-74751,0.37998922642527433
R-HSA-74752,0.4559870717103292
R-HSA-749476,0.07599784528505486
R-HSA-75035,0.07599784528505486
R-HSA-75064,0.15199569057010973
R-HSA-75067,0.15199569057010973
R-HSA-75072,0.2279935358551646
R-HSA-75094,0.07599784528505486
R-HSA-75102,0.07599784528505486
R-HSA-75105,0.15199569057010973
R-HSA-75108,0.07599784528505486
R-HSA-75109,0.07599784528505486
R-HSA-75153,0.2279935358551646
R-HSA-75157,0.07599784528505486
R-HSA-75158,0.07599784528505486
R-HSA-75205,0.07599784528505486
R-HSA-75815,0.07599784528505486
R-HSA-75876,0.07599784528505486
R-HSA-75892,0.07599784528505486
R-HSA-75893,0.15199569057010973
R-HSA-75896,0.07599784528505486
R-HSA-75944,0.15199569057010973
R-HSA-75953,0.07599784528505486
R-HSA-75955,0.15199569057010973
R-HSA-76002,0.30399138114021945
R-HSA-76005,0.15199569057010973
R-HSA-76009,0.2279935358551646
R-HSA-76042,0.15199569057010973
R-HSA-76046,0.15199569057010973
R-HSA-76061,0.07599784528505486
R-HSA-76066,0.07599784528505486
R-HSA-76071,0.07599784528505486
R-HSA-77042,0.07599784528505486
R-HSA-77075,0.07599784528505486
R-HSA-77108,0.07599784528505486
R-HSA-77111,0.07599784528505486
R-HSA-77285,0.07599784528505486
R-HSA-77286,0.15199569057010973
R-HSA-77288,0.07599784528505486
R-HSA-77289,0.2279935358551646
R-HSA-77305,0.07599784528505486
R-HSA-77310,0.07599784528505486
R-HSA-77346,0.07599784528505486
R-HSA-77348,0.07599784528505486
R-HSA-77350,0.07599784528505486
R-HSA-77352,0.07599784528505486
R-HSA-77387,0.07599784528505486
R-HSA-774815,0.15199569057010973
R-HSA-77588,0.07599784528505486
R-HSA-77595,0.07599784528505486
R-HSA-804914,0.07599784528505486
R-HSA-83936,0.07599784528505486
R-HSA-844455,0.07599784528505486
R-HSA-844456,0.07599784528505486
R-HSA-844615,0.07599784528505486
R-HSA-844623,0.07599784528505486
R-HSA-877300,0.15199569057010973
R-HSA-877312,0.07599784528505486
R-HSA-879415,0.07599784528505486
R-HSA-879518,0.07599784528505486
R-HSA-880009,0.07599784528505486
R-HSA-881907,0.15199569057010973
R-HSA-8847453,0.07599784528505486
R-HSA-8847993,0.07170685985232374
R-HSA-8848021,0.15199569057010973
R-HSA-8848584,0.15199569057010973
R-HSA-8849175,0.07599784528505486
R-HSA-8849468,0.07599784528505486
R-HSA-8849469,0.07599784528505486
R-HSA-8849470,0.07599784528505486
R-HSA-8849471,0.07599784528505486
R-HSA-8849472,0.07599784528505486
R-HSA-8849473,0.07599784528505486
R-HSA-8849474,0.07599784528505486
R-HSA-8849932,0.07599784528505486
R-HSA-8850843,0.07599784528505486
R-HSA-8851680,0.07599784528505486
R-HSA-8851708,0.07599784528505486
R-HSA-8851805,0.07599784528505486
R-HSA-8851907,0.07599784528505486
R-HSA-8852135,0.15199569057010973
R-HSA-8852276,0.07599784528505486
R-HSA-8852405,0.07599784528505486
R-HSA-8853333,0.07599784528505486
R-HSA-8853334,0.07599784528505486
R-HSA-8853336,0.07599784528505486
R-HSA-8853383,0.07599784528505486
R-HSA-8853659,0.07599784528505486
R-HSA-8853884,0.07599784528505486
R-HSA-8854050,0.07599784528505486
R-HSA-8854214,0.07599784528505486
R-HSA-8854518,0.07599784528505486
R-HSA-8854521,0.07599784528505486
R-HSA-8854691,0.07599784528505486
R-HSA-8856688,0.15199569057010973
R-HSA-8856825,0.07599784528505486
R-HSA-8856828,0.15199569057010973
R-HSA-8857538,0.07599784528505486
R-HSA-8862803,0.07599784528505486
R-HSA-8863678,0.15199569057010973
R-HSA-8863795,0.15199569057010973
R-HSA-8864260,0.15199569057010973
R-HSA-8865999,0.07599784528505486
R-HSA-8866376,0.07599784528505486
R-HSA-8866423,0.07599784528505486
R-HSA-8866427,0.07599784528505486
R-HSA-8866652,0.07599784528505486
R-HSA-8866654,0.07599784528505486
R-HSA-8866904,0.07599784528505486
R-HSA-8866906,0.07599784528505486
R-HSA-8866907,0.07599784528505486
R-HSA-8866910,0.07599784528505486
R-HSA-8866911,0.07599784528505486
R-HSA-8868766,0.15199569057010973
R-HSA-8868773,0.15199569057010973
R-HSA-8869496,0.07599784528505486
R-HSA-8873719,0.07599784528505486
R-HSA-8874081,0.07599784528505486
R-HSA-8874177,0.07599784528505486
R-HSA-8874211,0.07599784528505486
R-HSA-8875360,0.07599784528505486
R-HSA-8875513,0.07599784528505486
R-HSA-8875555,0.07599784528505486
R-HSA-8875656,0.07599784528505486
R-HSA-8875791,0.07599784528505486
R-HSA-8875878,0.15199569057010973
R-HSA-8876198,0.07599784528505486
R-HSA-8876384,0.15199569057010973
R-HSA-8876493,0.07599784528505486
R-HSA-8876725,0.07599784528505486
R-HSA-8877330,0.07599784528505486
R-HSA-8877627,0.07599784528505486
R-HSA-8878159,0.15199569057010973
R-HSA-8878166,0.2279935358551646
R-HSA-8878171,0.15199569057010973
R-HSA-888568,0.07599784528505486
R-HSA-888590,0.15199569057010973
R-HSA-888593,0.07599784528505486
R-HSA-8931987,0.07599784528505486
R-HSA-8934593,0.07599784528505486
R-HSA-8934903,0.07599784528505486
R-HSA-8935690,0.15199569057010973
R-HSA-8935964,0.07599784528505486
R-HSA-8936459,0.07599784528505486
R-HSA-8937144,0.07599784528505486
R-HSA-8939211,0.2279935358551646
R-HSA-8939236,0.07599784528505486
R-HSA-8939242,0.07599784528505486
R-HSA-8939243,0.07599784528505486
R-HSA-8939245,0.07599784528505486
R-HSA-8939246,0.07599784528505486
R-HSA-8939247,0.07599784528505486
R-HSA-8939256,0.07599784528505486
R-HSA-8939902,0.07599784528505486
R-HSA-8940973,0.07599784528505486
R-HSA-8941237,0.07599784528505486
R-HSA-8941284,0.07599784528505486
R-HSA-8941326,0.15199569057010973
R-HSA-8941332,0.07599784528505486
R-HSA-8941333,0.07599784528505486
R-HSA-8941413,0.07599784528505486
R-HSA-8941855,0.07599784528505486
R-HSA-8941856,0.07599784528505486
R-HSA-8941858,0.07599784528505486
R-HSA-8942233,0.07599784528505486
R-HSA-8943723,0.15199569057010973
R-HSA-8943724,0.07599784528505486
R-HSA-8948216,0.07599784528505486
R-HSA-8948700,0.07599784528505486
R-HSA-8948747,0.07599784528505486
R-HSA-8948751,0.07599784528505486
R-HSA-8949215,0.15199569057010973
R-HSA-8949275,0.07599784528505486
R-HSA-8949613,0.07599784528505486
R-HSA-8949664,0.07599784528505486
R-HSA-8950505,0.07599784528505486
R-HSA-8951430,0.07599784528505486
R-HSA-8951664,0.07599784528505486
R-HSA-8951671,0.07599784528505486
R-HSA-8951911,0.07599784528505486
R-HSA-8951936,0.07599784528505486
R-HSA-8952158,0.07599784528505486
R-HSA-8953750,0.07599784528505486
R-HSA-8953854,0.4166666666666667
R-HSA-8953897,0.5
R-HSA-8955332,0.07599784528505486
R-HSA-8956319,0.2279935358551646
R-HSA-8956320,0.15199569057010973
R-HSA-8956321,0.15199569057010973
R-HSA-8957275,0.07599784528505486
R-HSA-8957322,0.30399138114021945
R-HSA-8963676,0.15199569057010973
R-HSA-8963678,0.07599784528505486
R-HSA-8963684,0.07599784528505486
R-HSA-8963691,0.15199569057010973
R-HSA-8963693,0.07599784528505486
R-HSA-8963743,0.25
R-HSA-8963888,0.07599784528505486
R-HSA-8963889,0.07599784528505486
R-HSA-8963896,0.07599784528505486
R-HSA-8963898,0.15199569057010973
R-HSA-8963899,0.15199569057010973
R-HSA-8963901,0.07599784528505486
R-HSA-8964011,0.07599784528505486
R-HSA-8964026,0.07599784528505486
R-HSA-8964038,0.07599784528505486
R-HSA-8964041,0.07599784528505486
R-HSA-8964043,0.15199569057010973
R-HSA-8964046,0.07599784528505486
R-HSA-8964058,0.07599784528505486
R-HSA-8964208,0.07599784528505486
R-HSA-8964315,0.07599784528505486
R-HSA-8964539,0.07599784528505486
R-HSA-8964540,0.07599784528505486
R-HSA-8964572,0.07599784528505486
R-HSA-8964616,0.07599784528505486
R-HSA-8978868,0.30399138114021945
R-HSA-8978934,0.15199569057010973
R-HSA-8979227,0.15199569057010973
R-HSA-8980692,0.07599784528505486
R-HSA-8981373,0.07599784528505486
R-HSA-8981607,0.07599784528505486
R-HSA-8982491,0.15199569057010973
R-HSA-8983432,0.07599784528505486
R-HSA-8983711,0.07599784528505486
R-HSA-8984722,0.07599784528505486
R-HSA-8985586,0.07599784528505486
R-HSA-8985801,0.07599784528505486
R-HSA-8985947,0.07599784528505486
R-HSA-8986944,0.15199569057010973
R-HSA-9005891,0.15199569057010973
R-HSA-9005895,0.2279935358551646
R-HSA-9006115,0.2279935358551646
R-HSA-9006335,0.15199569057010973
R-HSA-9006821,0.2279935358551646
R-HSA-9006925,0.4559870717103292
R-HSA-9006927,0.2279935358551646
R-HSA-9006931,0.30399138114021945
R-HSA-9006934,0.6079827622804389
R-HSA-9006936,0.30399138114021945
R-HSA-9007101,0.15199569057010973
R-HSA-9007892,0.07599784528505486
R-HSA-9008059,0.07599784528505486
R-HSA-9009391,0.15199569057010973
R-HSA-901032,0.07599784528505486
R-HSA-901042,0.15199569057010973
R-HSA-9010553,0.07599784528505486
R-HSA-9010642,0.07599784528505486
R-HSA-9012546,0.07599784528505486
R-HSA-9012852,0.2279935358551646
R-HSA-9012999,0.2279935358551646
R-HSA-9013026,0.07599784528505486
R-HSA-9013106,0.07599784528505486
R-HSA-9013148,0.07599784528505486
R-HSA-9013149,0.07599784528505486
R-HSA-9013404,0.07599784528505486
R-HSA-9013405,0.07599784528505486
R-HSA-9013406,0.07599784528505486
R-HSA-9013407,0.07599784528505486
R-HSA-9013408,0.07599784528505486
R-HSA-9013409,0.07599784528505486
R-HSA-9013418,0.07599784528505486
R-HSA-9013419,0.07599784528505486
R-HSA-9013420,0.07599784528505486
R-HSA-9013422,0.07599784528505486
R-HSA-9013423,0.07599784528505486
R-HSA-9013424,0.07599784528505486
R-HSA-9013425,0.07599784528505486
R-HSA-9013507,0.15199569057010973
R-HSA-9013508,0.07599784528505486
R-HSA-9013694,0.15199569057010973
R-HSA-9013695,0.07599784528505486
R-HSA-9013700,0.07599784528505486
R-HSA-9013957,0.07599784528505486
R-HSA-9013973,0.07599784528505486
R-HSA-9014325,0.07599784528505486
R-HSA-9014826,0.07599784528505486
R-HSA-9014843,0.07599784528505486
R-HSA-9017802,0.07599784528505486
R-HSA-9018519,0.07599784528505486
R-HSA-9018676,0.07599784528505486
R-HSA-9018677,0.2279935358551646
R-HSA-9018678,0.30399138114021945
R-HSA-9018679,0.15199569057010973
R-HSA-9018681,0.07599784528505486
R-HSA-9018682,0.15199569057010973
R-HSA-9018683,0.2279935358551646
R-HSA-9018896,0.07599784528505486
R-HSA-9020265,0.07599784528505486
R-HSA-9020558,0.07599784528505486
R-HSA-9020591,0.15199569057010973
R-HSA-9020702,0.2279935358551646
R-HSA-9020933,0.07599784528505486
R-HSA-9020956,0.07599784528505486
R-HSA-9020958,0.07599784528505486
R-HSA-9022534,0.07599784528505486
R-HSA-9022535,0.07599784528505486
R-HSA-9022537,0.07599784528505486
R-HSA-9022538,0.07599784528505486
R-HSA-9022692,0.07599784528505486
R-HSA-9022699,0.07599784528505486
R-HSA-9022702,0.07599784528505486
R-HSA-9022707,0.07599784528505486
R-HSA-9022927,0.07599784528505486
R-HSA-9023661,0.07599784528505486
R-HSA-9024446,0.15199569057010973
R-HSA-9024909,0.07599784528505486
R-HSA-9025046,0.07599784528505486
R-HSA-9025094,0.15199569057010973
R-HSA-9025106,0.07599784528505486
R-HSA-9026286,0.07599784528505486
R-HSA-9026290,0.07599784528505486
R-HSA-9026357,0.07599784528505486
R-HSA-9026395,0.15199569057010973
R-HSA-9026403,0.07599784528505486
R-HSA-9026519,0.07599784528505486
R-HSA-9026527,0.07599784528505486
R-HSA-9026762,0.07599784528505486
R-HSA-9026766,0.07599784528505486
R-HSA-9027276,0.07599784528505486
R-HSA-9027277,0.07599784528505486
R-HSA-9027283,0.07599784528505486
R-HSA-9027284,0.07599784528505486
R-HSA-9027307,0.07599784528505486
R-HSA-9027604,0.07599784528505486
R-HSA-9028335,0.07599784528505486
R-HSA-9028731,0.07599784528505486
R-HSA-9029558,0.07599784528505486
R-HSA-9029569,0.07599784528505486
R-HSA-9031525,0.07599784528505486
R-HSA-9031528,0.07599784528505486
R-HSA-9031628,0.07599784528505486
R-HSA-9032500,0.15199569057010973
R-HSA-9032759,0.07599784528505486
R-HSA-9032845,0.07599784528505486
R-HSA-9033241,0.15199569057010973
R-HSA-9033500,0.07599784528505486
R-HSA-9033658,0.15199569057010973
R-HSA-9033807,0.07599784528505486
R-HSA-9034013,0.07599784528505486
R-HSA-9034015,0.15199569057010973
R-HSA-9034793,0.07599784528505486
R-HSA-9034864,0.07599784528505486
R-HSA-9035034,0.07599784528505486
R-HSA-9035968,0.07599784528505486
R-HSA-9036092,0.07599784528505486
R-HSA-9036866,0.15199569057010973
R-HSA-9037628,0.07599784528505486
R-HSA-9037629,0.07599784528505486
R-HSA-909733,0.15199569057010973
R-HSA-912446,0.07599784528505486
R-HSA-912526,0.07170685985232374
R-HSA-912631,0.07599784528505486
R-HSA-912694,0.07599784528505486
R-HSA-913531,0.2279935358551646
R-HSA-913709,0.15199569057010973
R-HSA-916853,0.07599784528505486
R-HSA-917729,0.07599784528505486
R-HSA-917937,0.15199569057010973
R-HSA-917977,0.07599784528505486
R-HSA-918233,0.07599784528505486
R-HSA-927802,0.15199569057010973
R-HSA-933541,0.07599784528505486
R-HSA-933542,0.07599784528505486
R-HSA-933543,0.07599784528505486
R-HSA-936440,0.07599784528505486
R-HSA-936837,0.07599784528505486
R-HSA-936964,0.07599784528505486
R-HSA-937039,0.07170685985232374
R-HSA-937041,0.07599784528505486
R-HSA-937042,0.07170685985232374
R-HSA-937061,0.37998922642527433
R-HSA-937072,0.07599784528505486
R-HSA-947581,0.07599784528505486
R-HSA-948021,0.2279935358551646
R-HSA-9603381,0.07599784528505486
R-HSA-9603505,0.07599784528505486
R-HSA-9603798,0.07599784528505486
R-HSA-9604323,0.07599784528505486
R-HSA-9605308,0.2279935358551646
R-HSA-9605310,0.15199569057010973
R-HSA-9607240,0.15199569057010973
R-HSA-9608287,0.07599784528505486
R-HSA-9608290,0.07599784528505486
R-HSA-9609507,0.25
R-HSA-9609523,0.07599784528505486
R-HSA-9609646,0.15199569057010973
R-HSA-9609690,0.07599784528505486
R-HSA-9609736,0.07599784528505486
R-HSA-9610379,0.07599784528505486
R-HSA-9612973,0.4166666666666667
R-HSA-9613354,0.07599784528505486
R-HSA-9613829,0.07599784528505486
R-HSA-9614085,0.15199569057010973
R-HSA-9614399,0.07599784528505486
R-HSA-9614657,0.07599784528505486
R-HSA-9615017,0.07599784528505486
R-HSA-9615710,0.07599784528505486
R-HSA-9615933,0.07599784528505486
R-HSA-9616222,0.07599784528505486
R-HSA-9616333,0.15199569057010973
R-HSA-9616334,0.07599784528505486
R-HSA-9617324,0.07599784528505486
R-HSA-9617629,0.07599784528505486
R-HSA-9617828,0.07599784528505486
R-HSA-9619229,0.07599784528505486
R-HSA-9619483,0.07599784528505486
R-HSA-9619665,0.07599784528505486
R-HSA-9620244,0.07599784528505486
R-HSA-9623433,0.07599784528505486
R-HSA-9627069,0.07599784528505486
R-HSA-9629232,0.07599784528505486
R-HSA-9630221,0.07599784528505486
R-HSA-9630222,0.07599784528505486
R-HSA-9630747,0.2279935358551646
R-HSA-9630750,0.15199569057010973
R-HSA-9630791,0.07599784528505486
R-HSA-9630794,0.07599784528505486
R-HSA-9632693,0.15199569057010973
R-HSA-9632697,0.07599784528505486
R-HSA-9632700,0.07599784528505486
R-HSA-9632974,0.07599784528505486
R-HSA-9633012,0.07599784528505486
R-HSA-9634285,0.07599784528505486
R-HSA-9634597,0.07599784528505486
R-HSA-9634600,0.07599784528505486
R-HSA-9634635,0.07599784528505486
R-HSA-9634638,0.07599784528505486
R-HSA-9634815,0.2279935358551646
R-HSA-9635465,0.07599784528505486
R-HSA-9635486,0.30399138114021945
R-HSA-9635644,0.07599784528505486
R-HSA-9636003,0.07599784528505486
R-HSA-9636249,0.07599784528505486
R-HSA-9636383,0.07599784528505486
R-HSA-9636467,0.07599784528505486
R-HSA-9636569,0.07599784528505486
R-HSA-9636667,0.07599784528505486
R-HSA-9637628,0.07599784528505486
R-HSA-9637679,0.15199569057010973
R-HSA-9637687,0.15199569057010973
R-HSA-9637690,0.2279935358551646
R-HSA-9637698,0.07599784528505486
R-HSA-9639288,0.07599784528505486
R-HSA-9639775,0.07599784528505486
R-HSA-9640463,0.07599784528505486
R-HSA-9645135,0.07599784528505486
R-HSA-9645460,0.07599784528505486
R-HSA-9645722,0.07599784528505486
R-HSA-9645723,0.30399138114021945
R-HSA-9646303,0.07599784528505486
R-HSA-9646304,0.07599784528505486
R-HSA-9646399,0.07599784528505486
R-HSA-964739,0.15199569057010973
R-HSA-9648002,0.07599784528505486
R-HSA-9648025,0.07599784528505486
R-HSA-964827,0.07599784528505486
R-HSA-9648895,0.07599784528505486
R-HSA-964975,0.07599784528505486
R-HSA-9649913,0.15199569057010973
R-HSA-9649948,0.07599784528505486
R-HSA-9651496,0.2279935358551646
R-HSA-9652169,0.07599784528505486
R-HSA-9652282,0.07599784528505486
R-HSA-9652817,0.07599784528505486
R-HSA-9656223,0.07599784528505486
R-HSA-9656249,0.15199569057010973
R-HSA-9656255,0.07599784528505486
R-HSA-9656256,0.07599784528505486
R-HSA-9657050,0.07599784528505486
R-HSA-9657688,0.07599784528505486
R-HSA-9657689,0.07599784528505486
R-HSA-9658195,0.30399138114021945
R-HSA-9659379,0.2279935358551646
R-HSA-9659787,0.15199569057010973
R-HSA-9660537,0.15199569057010973
R-HSA-9660821,0.07599784528505486
R-HSA-9660826,0.07599784528505486
R-HSA-9661069,0.07599784528505486
R-HSA-9661070,0.07599784528505486
R-HSA-9662001,0.15199569057010973
R-HSA-9662360,0.07599784528505486
R-HSA-9662361,0.15199569057010973
R-HSA-9662834,0.07599784528505486
R-HSA-9662851,0.15199569057010973
R-HSA-9663199,0.07599784528505486
R-HSA-9663891,0.2279935358551646
R-HSA-9664323,0.07599784528505486
R-HSA-9664407,0.2279935358551646
R-HSA-9664417,0.15199569057010973
R-HSA-9664420,0.15199569057010973
R-HSA-9664422,0.07599784528505486
R-HSA-9664424,0.15199569057010973
R-HSA-9664433,0.2279935358551646
R-HSA-9664535,0.07599784528505486
R-HSA-9664565,0.07599784528505486
R-HSA-9664873,0.07599784528505486
R-HSA-9665230,0.15199569057010973
R-HSA-9665233,0.07599784528505486
R-HSA-9665244,0.07599784528505486
R-HSA-9665245,0.07599784528505486
R-HSA-9665246,0.07599784528505486
R-HSA-9665247,0.07599784528505486
R-HSA-9665249,0.07599784528505486
R-HSA-9665250,0.07599784528505486
R-HSA-9665251,0.07599784528505486
R-HSA-9665348,0.07599784528505486
R-HSA-9665686,0.07599784528505486
R-HSA-9665737,0.07599784528505486
R-HSA-9667769,0.07599784528505486
R-HSA-9668250,0.15199569057010973
R-HSA-9668328,0.07599784528505486
R-HSA-9669914,0.07599784528505486
R-HSA-9669917,0.07599784528505486
R-HSA-9669921,0.07599784528505486
R-HSA-9669924,0.07599784528505486
R-HSA-9669926,0.07599784528505486
R-HSA-9669929,0.07599784528505486
R-HSA-9669933,0.07599784528505486
R-HSA-9669934,0.07599784528505486
R-HSA-9669935,0.07599784528505486
R-HSA-9669936,0.07599784528505486
R-HSA-9669937,0.15199569057010973
R-HSA-9669938,0.2279935358551646
R-HSA-9670095,0.07599784528505486
R-HSA-9670439,0.07599784528505486
R-HSA-9670613,0.07599784528505486
R-HSA-9670615,0.07599784528505486
R-HSA-9670621,0.15199569057010973
R-HSA-9671555,0.2279935358551646
R-HSA-9671793,0.30399138114021945
R-HSA-9672383,0.07599784528505486
R-HSA-9672387,0.07599784528505486
R-HSA-9672391,0.07599784528505486
R-HSA-9672393,0.07599784528505486
R-HSA-9672395,0.07599784528505486
R-HSA-9672396,0.07599784528505486
R-HSA-9672397,0.07599784528505486
R-HSA-9673013,0.30399138114021945
R-HSA-9673163,0.07599784528505486
R-HSA-9673202,0.07599784528505486
R-HSA-9673218,0.07599784528505486
R-HSA-9673221,0.07599784528505486
R-HSA-9673240,0.07599784528505486
R-HSA-9673324,0.07599784528505486
R-HSA-9673766,0.07599784528505486
R-HSA-9673767,0.07599784528505486
R-HSA-9673768,0.07599784528505486
R-HSA-9673770,0.07599784528505486
R-HSA-9674396,0.07599784528505486
R-HSA-9674401,0.07599784528505486
R-HSA-9674403,0.07599784528505486
R-HSA-9674404,0.07599784528505486
R-HSA-9674415,0.15199569057010973
R-HSA-9674428,0.07599784528505486
R-HSA-9674519,0.07599784528505486
R-HSA-9674555,0.15199569057010973
R-HSA-9675108,0.37998922642527433
R-HSA-9675126,0.37998922642527433
R-HSA-9675132,0.30399138114021945
R-HSA-9675135,0.30399138114021945
R-HSA-9675136,0.2279935358551646
R-HSA-9675143,0.30399138114021945
R-HSA-9675151,0.37998922642527433
R-HSA-9678108,0.2279935358551646
R-HSA-9678110,0.07599784528505486
R-HSA-9679191,0.07599784528505486
R-HSA-9679504,0.15199569057010973
R-HSA-9679506,0.37998922642527433
R-HSA-9679509,0.07599784528505486
R-HSA-9679514,0.15199569057010973
R-HSA-9680187,0.07599784528505486
R-HSA-9680350,0.07599784528505486
R-HSA-9682385,0.2279935358551646
R-HSA-9682706,0.07599784528505486
R-HSA-9682708,0.07599784528505486
R-HSA-9683439,0.07599784528505486
R-HSA-9683610,0.07599784528505486
R-HSA-9683612,0.07599784528505486
R-HSA-9683673,0.07599784528505486
R-HSA-9683683,0.07599784528505486
R-HSA-9683686,0.07599784528505486
R-HSA-9683701,0.15199569057010973
R-HSA-9684325,0.07599784528505486
R-HSA-9686347,0.07599784528505486
R-HSA-9687136,0.07599784528505486
R-HSA-9687139,0.2279935358551646
R-HSA-9690406,0.07599784528505486
R-HSA-9692912,0.07599784528505486
R-HSA-9692913,0.07599784528505486
R-HSA-9692914,0.15199569057010973
R-HSA-9692916,0.07599784528505486
R-HSA-9693928,0.15199569057010973
R-HSA-9694271,0.07599784528505486
R-HSA-9694301,0.07599784528505486
R-HSA-9694322,0.07599784528505486
R-HSA-9694493,0.07599784528505486
R-HSA-9694516,0.30399138114021945
R-HSA-9694548,0.07599784528505486
R-HSA-9694594,0.07599784528505486
R-HSA-9694614,0.07599784528505486
R-HSA-9694631,0.07599784528505486
R-HSA-9694635,0.15199569057010973
R-HSA-9694676,0.15199569057010973
R-HSA-9694682,0.15199569057010973
R-HSA-9694686,0.07599784528505486
R-HSA-9694719,0.07599784528505486
R-HSA-9694786,0.07599784528505486
R-HSA-9696264,0.07599784528505486
R-HSA-9696270,0.07599784528505486
R-HSA-9696273,0.07599784528505486
R-HSA-9697154,0.30399138114021945
R-HSA-9699150,0.07599784528505486
R-HSA-9700206,0.2279935358551646
R-HSA-9700645,0.07599784528505486
R-HSA-9700649,0.15199569057010973
R-HSA-9701190,0.15199569057010973
R-HSA-9701192,0.07599784528505486
R-HSA-9701193,0.15199569057010973
R-HSA-9701898,0.07599784528505486
R-HSA-9702506,0.15199569057010973
R-HSA-9702509,0.07599784528505486
R-HSA-9702518,0.07599784528505486
R-HSA-9702569,0.07599784528505486
R-HSA-9702577,0.07599784528505486
R-HSA-9702581,0.07599784528505486
R-HSA-9702590,0.07599784528505486
R-HSA-9702596,0.07599784528505486
R-HSA-9702600,0.07599784528505486
R-HSA-9702605,0.07599784528505486
R-HSA-9702614,0.07599784528505486
R-HSA-9702620,0.07599784528505486
R-HSA-9702624,0.07599784528505486
R-HSA-9702632,0.07599784528505486
R-HSA-9702636,0.07599784528505486
R-HSA-9702998,0.07599784528505486
R-HSA-9703009,0.07599784528505486
R-HSA-9703465,0.07599784528505486
R-HSA-9703648,0.15199569057010973
R-HSA-9704331,0.07599784528505486
R-HSA-9704646,0.07599784528505486
R-HSA-9705462,0.07599784528505486
R-HSA-9705671,0.07599784528505486
R-HSA-9705677,0.07599784528505486
R-HSA-9705683,0.15199569057010973
R-HSA-9706019,0.07599784528505486
R-HSA-9706369,0.07599784528505486
R-HSA-9706374,0.07599784528505486
R-HSA-9706377,0.07599784528505486
R-HSA-9706574,0.15199569057010973
R-HSA-9707564,0.15199569057010973
R-HSA-9707587,0.07599784528505486
R-HSA-9707616,0.07599784528505486
R-HSA-9708296,0.07599784528505486
R-HSA-9708530,0.07599784528505486
R-HSA-9709275,0.07599784528505486
R-HSA-9709570,0.07599784528505486
R-HSA-9709603,0.07599784528505486
R-HSA-9709957,0.3333333333333333
R-HSA-9710421,0.07599784528505486
R-HSA-9711097,0.15199569057010973
R-HSA-9711123,0.30399138114021945
R-HSA-9715370,0.15199569057010973
R-HSA-9716542,0.37998922642527433
R-HSA-9717189,0.15199569057010973
R-HSA-9717207,0.07599784528505486
R-HSA-9717264,0.07599784528505486
R-HSA-9717301,0.07599784528505486
R-HSA-9717316,0.07599784528505486
R-HSA-9717319,0.07599784528505486
R-HSA-9717323,0.07599784528505486
R-HSA-9717326,0.07599784528505486
R-HSA-9717329,0.07599784528505486
R-HSA-9723905,0.07599784528505486
R-HSA-9723907,0.15199569057010973
R-HSA-9725370,0.15199569057010973
R-HSA-9725371,0.07599784528505486
R-HSA-9726840,0.07599784528505486
R-HSA-9726842,0.07599784528505486
R-HSA-9727281,0.07599784528505486
R-HSA-9729555,0.07599784528505486
R-HSA-9730628,0.07599784528505486
R-HSA-9732724,0.07599784528505486
R-HSA-9733458,0.07599784528505486
R-HSA-9733709,0.07599784528505486
R-HSA-9734009,0.2279935358551646
R-HSA-9734091,0.07599784528505486
R-HSA-9734195,0.07599784528505486
R-HSA-9734207,0.15199569057010973
R-HSA-9734281,0.07599784528505486
R-HSA-9734735,0.07599784528505486
R-HSA-9735763,0.07599784528505486
R-HSA-9735786,0.15199569057010973
R-HSA-9735804,0.2279935358551646
R-HSA-9735869,0.07599784528505486
R-HSA-9735871,0.07599784528505486
R-HSA-9748784,0.25
R-HSA-9748787,0.07599784528505486
R-HSA-9749641,0.07599784528505486
R-HSA-975110,0.07599784528505486
R-HSA-975138,0.37998922642527433
R-HSA-975144,0.07599784528505486
R-HSA-975155,0.43024115911394245
R-HSA-975163,0.07599784528505486
R-HSA-9752946,0.07599784528505486
R-HSA-9753281,0.07599784528505486
R-HSA-9753510,0.07599784528505486
R-HSA-9753512,0.07599784528505486
R-HSA-9754119,0.07599784528505486
R-HSA-9754189,0.07599784528505486
R-HSA-9754560,0.07599784528505486
R-HSA-9754678,0.07599784528505486
R-HSA-9754706,0.07599784528505486
R-HSA-9755088,0.07599784528505486
R-HSA-9755511,0.2279935358551646
R-HSA-975574,0.07599784528505486
R-HSA-975576,0.15199569057010973
R-HSA-975577,0.07599784528505486
R-HSA-9755779,0.07599784528505486
R-HSA-975578,0.07599784528505486
R-HSA-975634,0.07170685985232374
R-HSA-9757110,0.07599784528505486
R-HSA-9758274,0.07599784528505486
R-HSA-975871,0.3585342992616187
R-HSA-9758881,0.07599784528505486
R-HSA-9758890,0.07599784528505486
R-HSA-9758919,0.07599784528505486
R-HSA-9758920,0.07599784528505486
R-HSA-9758941,0.2279935358551646
R-HSA-9759194,0.15199569057010973
R-HSA-9759218,0.07599784528505486
R-HSA-9759475,0.2279935358551646
R-HSA-9759476,0.37998922642527433
R-HSA-975956,0.07599784528505486
R-HSA-975957,0.07599784528505486
R-HSA-9759774,0.2279935358551646
R-HSA-9759785,0.15199569057010973
R-HSA-9759811,0.07599784528505486
R-HSA-9761174,0.07599784528505486
R-HSA-9762114,0.07599784528505486
R-HSA-9762292,0.15199569057010973
R-HSA-9762293,0.07599784528505486
R-HSA-9763198,0.07599784528505486
R-HSA-9764260,0.30399138114021945
R-HSA-9764302,0.07599784528505486
R-HSA-9768759,0.15199569057010973
R-HSA-9768777,0.07599784528505486
R-HSA-9768778,0.07599784528505486
R-HSA-9768919,0.07599784528505486
R-HSA-977068,0.07599784528505486
R-HSA-977225,0.07599784528505486
R-HSA-9772572,0.2279935358551646
R-HSA-9772573,0.2279935358551646
R-HSA-9772755,0.07599784528505486
R-HSA-977347,0.07599784528505486
R-HSA-977443,0.30399138114021945
R-HSA-977444,0.2279935358551646
R-HSA-977606,0.07599784528505486
R-HSA-9793242,0.07599784528505486
R-HSA-9793380,0.15199569057010973
R-HSA-9793528,0.07599784528505486
R-HSA-9796292,0.07599784528505486
R-HSA-9818025,0.07599784528505486
R-HSA-9818027,0.07599784528505486
R-HSA-9818028,0.07599784528505486
R-HSA-9818749,0.07599784528505486
R-HSA-9823730,0.07599784528505486
R-HSA-9824272,0.07599784528505486
R-HSA-9824439,0.37998922642527433
R-HSA-9824443,0.37998922642527433
R-HSA-9824446,0.6079827622804389
R-HSA-982772,0.07599784528505486
R-HSA-9827857,0.07599784528505486
R-HSA-983168,0.07599784528505486
R-HSA-983169,0.2279935358551646
R-HSA-983170,0.07599784528505486
R-HSA-983189,0.07599784528505486
R-HSA-983231,0.15199569057010973
R-HSA-9833576,0.07599784528505486
R-HSA-983695,0.07599784528505486
R-HSA-983705,0.2279935358551646
R-HSA-983712,0.2279935358551646
R-HSA-991365,0.15199569057010973
R-HSA-997272,0.07599784528505486
R-HSA-1483171,0.07599784528505486
R-HSA-1855156,0.07599784528505486
R-HSA-1855170,0.07599784528505486
R-HSA-1855184,0.07599784528505486
R-HSA-1855192,0.07599784528505486
R-HSA-1855196,0.07599784528505486
R-HSA-1855215,0.07599784528505486
R-HSA-1855229,0.07599784528505486
R-HSA-1660502,0.07599784528505486
R-HSA-1660508,0.07599784528505486
R-HSA-1660510,0.07599784528505486
R-HSA-1660524,0.07599784528505486
R-HSA-1660537,0.07599784528505486
R-HSA-2408499,0.07599784528505486
R-HSA-5467345,0.07599784528505486
R-HSA-5467343,0.07599784528505486
R-HSA-9750126,0.07599784528505486
R-HSA-9730737,0.07599784528505486
R-HSA-9729902,0.07599784528505486
